first_name,last_name,email,gender,ip_address
Dulcinea,Rideout,drideout0@live.com,Female,172.45.136.141
Jade,Rooksby,jrooksby1@ca.gov,Female,98.176.116.231
Bryce,Yerill,byerill2@cpanel.net,Male,106.38.120.102
Evangelin,Lendon,elendon3@hexun.com,Female,4.245.205.71
Gayel,Dane,gdane4@xinhuanet.com,Female,92.194.15.99
Genevra,Hamsson,ghamsson5@amazon.co.uk,Female,223.114.249.124
Jake,Bustin,jbustin6@google.it,Male,92.66.140.233
Nowell,Farries,nfarries7@shop-pro.jp,Male,191.84.33.213
Orland,Jellyman,ojellyman8@merriam-webster.com,Male,10.127.61.89
Odie,Jeanes,ojeanes9@aboutads.info,Male,3.123.50.208
Lyn,Side,lsidea@instagram.com,Female,35.117.230.86
Gaylord,Cymper,gcymperb@cisco.com,Male,207.58.136.39
Beniamino,Graser,bgraserc@nytimes.com,Male,143.92.202.149
Duncan,Sivills,dsivillsd@ning.com,Genderfluid,99.62.142.139
Anne,Badby,abadbye@themeforest.net,Female,71.247.88.46
Gaspard,Vreede,gvreedef@miitbeian.gov.cn,Male,145.217.22.59
Liva,Shwalbe,lshwalbeg@xrea.com,Female,30.229.92.201
Chris,Woollcott,cwoollcotth@theatlantic.com,Male,75.23.33.147
Spike,Dougal,sdougali@independent.co.uk,Male,126.223.58.66
Francisco,Gowdie,fgowdiej@forbes.com,Male,17.170.120.188
Margo,Fitzsimons,mfitzsimonsk@creativecommons.org,Female,54.39.93.143
Alan,Binnell,abinnelll@army.mil,Male,81.244.0.213
Hortensia,Guitonneau,hguitonneaum@google.ca,Genderfluid,57.9.46.246
Christophorus,Domsalla,cdomsallan@sakura.ne.jp,Male,177.26.77.54
Sapphira,Reitenbach,sreitenbacho@dion.ne.jp,Female,234.111.111.7
Fiann,Arias,fariasp@flickr.com,Female,61.228.148.68
Lesly,Blooman,lbloomanq@blogger.com,Female,175.212.59.64
Magdalene,Etock,metockr@ihg.com,Female,88.53.117.1
Zarla,Kornacki,zkornackis@booking.com,Female,59.7.230.220
Hallie,Warren,hwarrent@npr.org,Female,46.24.65.174
Weston,Blindermann,wblindermannu@hao123.com,Male,181.32.80.48
Abe,Luckwell,aluckwellv@icio.us,Male,78.143.242.164
Kenna,Olivey,koliveyw@constantcontact.com,Female,87.161.232.167
Lebbie,Mapples,lmapplesx@gmpg.org,Female,143.95.141.71
Ade,Halleday,ahalledayy@cbslocal.com,Male,234.60.97.154
Shawnee,Buckberry,sbuckberryz@plala.or.jp,Female,105.193.80.254
Kassandra,Norcutt,knorcutt10@shareasale.com,Female,213.29.231.137
Rourke,Stuer,rstuer11@dell.com,Male,100.59.230.47
Codie,Daldry,cdaldry12@pbs.org,Male,141.231.98.41
Shoshana,Heijne,sheijne13@engadget.com,Female,24.26.252.106
Vin,Muldoon,vmuldoon14@google.com.au,Female,226.152.238.121
Carolina,Gianiello,cgianiello15@webeden.co.uk,Female,223.154.162.43
Alfie,Maseyk,amaseyk16@blogs.com,Female,150.98.156.89
Berty,Myhan,bmyhan17@cdc.gov,Male,234.107.138.157
Lari,Normanvill,lnormanvill18@miibeian.gov.cn,Female,27.199.159.245
Pippo,Puttergill,pputtergill19@businesswire.com,Male,144.5.118.177
Dion,Martyns,dmartyns1a@unc.edu,Female,50.105.187.165
Guinevere,Swapp,gswapp1b@tinyurl.com,Female,159.33.130.139
Gratia,Seres,gseres1c@tinypic.com,Genderfluid,248.37.189.80
Lucius,Van der Brugge,lvanderbrugge1d@freewebs.com,Male,92.72.48.125
Theresita,Yushkov,tyushkov1e@npr.org,Genderfluid,215.97.51.171
Cobby,Meeus,cmeeus1f@parallels.com,Male,171.38.9.176
Antons,Hanstock,ahanstock1g@ovh.net,Male,66.9.250.177
Ingelbert,Gethyn,igethyn1h@wsj.com,Male,40.59.193.105
Bar,Doyle,bdoyle1i@pcworld.com,Male,192.194.112.98
Essa,Burden,eburden1j@list-manage.com,Female,209.80.211.205
Kane,Pau,kpau1k@dailymail.co.uk,Male,47.87.108.154
Baird,Medcraft,bmedcraft1l@epa.gov,Male,169.35.100.233
Audrey,Clutten,aclutten1m@shutterfly.com,Female,54.39.168.38
Maxwell,Minghetti,mminghetti1n@parallels.com,Male,231.117.224.177
Theodosia,Layson,tlayson1o@usa.gov,Female,215.150.182.84
Obediah,Goldsmith,ogoldsmith1p@t-online.de,Male,238.122.161.95
Antonella,Nimmo,animmo1q@utexas.edu,Female,205.173.179.238
Hal,Coggan,hcoggan1r@examiner.com,Male,99.125.207.216
Marthena,Tortoishell,mtortoishell1s@nhs.uk,Female,219.166.119.83
Roseanna,Jollie,rjollie1t@slate.com,Female,147.28.72.222
Ianthe,Lunge,ilunge1u@twitpic.com,Female,9.188.71.134
Simona,Aldis,saldis1v@independent.co.uk,Female,32.81.5.146
Nealon,Keerl,nkeerl1w@examiner.com,Male,96.140.251.228
Cristen,Defond,cdefond1x@sciencedaily.com,Female,105.102.195.12
Loleta,Albert,lalbert1y@qq.com,Female,106.57.229.44
Bjorn,de la Valette Parisot,bdelavaletteparisot1z@mit.edu,Male,174.167.243.19
Duffie,Punter,dpunter20@webnode.com,Male,23.196.192.88
Krissy,Edlyn,kedlyn21@mayoclinic.com,Female,36.138.203.34
Elenore,Honack,ehonack22@indiatimes.com,Female,137.228.200.50
Mateo,Cuvley,mcuvley23@oakley.com,Male,119.164.205.216
Mannie,Kirkebye,mkirkebye24@stumbleupon.com,Male,70.158.109.2
Henka,Ambage,hambage25@samsung.com,Female,190.149.206.82
Alejandro,Broomhall,abroomhall26@google.it,Male,220.29.18.36
Gizela,Bollins,gbollins27@bloglines.com,Female,113.108.126.86
Rita,Yesipov,ryesipov28@gnu.org,Female,52.219.147.25
Vern,Stephen,vstephen29@artisteer.com,Male,168.59.244.243
Zebulen,Blacker,zblacker2a@cafepress.com,Male,49.201.7.254
Guinna,Crackett,gcrackett2b@un.org,Female,232.221.214.0
Hayyim,Petow,hpetow2c@nature.com,Male,139.28.55.13
Lemmy,Piercey,lpiercey2d@51.la,Male,147.88.67.176
Dore,Dixsee,ddixsee2e@go.com,Male,54.197.152.251
Theressa,Campling,tcampling2f@wordpress.com,Female,181.216.96.197
Rutherford,Braunthal,rbraunthal2g@barnesandnoble.com,Bigender,224.218.21.194
Mart,Clarage,mclarage2h@discovery.com,Male,171.180.22.140
Vidovic,Guile,vguile2i@usatoday.com,Male,225.58.56.212
Rutherford,Fisbburne,rfisbburne2j@google.cn,Male,14.183.104.130
Farah,Hagley,fhagley2k@unicef.org,Female,241.236.233.164
Cathrin,Cage,ccage2l@samsung.com,Female,52.126.66.156
Norris,Hellcat,nhellcat2m@google.co.jp,Male,220.179.35.196
Willem,Bachmann,wbachmann2n@fotki.com,Male,111.50.27.237
Zora,Follit,zfollit2o@businesswire.com,Female,4.3.154.198
Sherrie,Wightman,swightman2p@liveinternet.ru,Female,14.107.103.236
Anette,Dineges,adineges2q@goodreads.com,Female,172.79.87.239
Frankie,Trengove,ftrengove2r@craigslist.org,Male,217.56.139.32
Hillel,Pechold,hpechold2s@seattletimes.com,Male,248.4.38.173
Teddy,Pickerell,tpickerell2t@timesonline.co.uk,Male,93.190.91.18
Lorilyn,MacDonald,lmacdonald2u@ucoz.ru,Female,131.116.201.80
Maia,Angrick,mangrick2v@ebay.co.uk,Female,3.199.38.64
Cleon,Poag,cpoag2w@digg.com,Male,18.227.1.207
Judy,Petzold,jpetzold2x@wufoo.com,Female,69.79.92.80
Anne,Innes,ainnes2y@vistaprint.com,Female,113.241.77.25
Darwin,Christoforou,dchristoforou2z@sfgate.com,Male,54.217.253.87
Raimundo,Bing,rbing30@soundcloud.com,Male,180.107.101.110
Nelia,Matschuk,nmatschuk31@privacy.gov.au,Female,196.239.74.58
Layney,De Bischop,ldebischop32@washingtonpost.com,Female,53.109.234.37
Lilllie,Bevir,lbevir33@buzzfeed.com,Female,141.151.248.232
Hewet,Nisbet,hnisbet34@ucoz.ru,Male,162.68.172.125
Halley,Hovenden,hhovenden35@hexun.com,Female,51.243.107.74
Christen,Whatley,cwhatley36@dailymail.co.uk,Female,28.47.146.111
Torrence,Gieves,tgieves37@deviantart.com,Male,1.135.221.205
Clemens,Humphris,chumphris38@google.co.jp,Male,50.4.42.150
Danny,Gallagher,dgallagher39@biglobe.ne.jp,Female,82.106.187.29
Jermaine,Byrde,jbyrde3a@phpbb.com,Male,145.207.107.92
Janith,Sparshatt,jsparshatt3b@bizjournals.com,Female,96.182.176.117
Archambault,Perutto,aperutto3c@sogou.com,Male,62.77.148.47
Kingsley,Smorthwaite,ksmorthwaite3d@diigo.com,Male,178.132.32.40
Ebenezer,Beinisch,ebeinisch3e@opera.com,Male,105.138.134.92
Johanna,Maron,jmaron3f@smugmug.com,Female,123.2.134.220
Bee,Milmo,bmilmo3g@sfgate.com,Agender,43.10.15.27
Joyous,Rapley,jrapley3h@pbs.org,Female,207.247.89.220
Elvera,Yepiskov,eyepiskov3i@biblegateway.com,Female,170.122.111.159
Shawnee,Haye,shaye3j@techcrunch.com,Female,231.54.196.58
Gael,Goldthorpe,ggoldthorpe3k@phpbb.com,Male,28.40.109.28
Deny,Messager,dmessager3l@eepurl.com,Female,229.33.101.202
Tate,Crone,tcrone3m@bigcartel.com,Female,133.220.39.112
Clementius,Braidman,cbraidman3n@opensource.org,Male,0.153.158.150
Briny,Izzett,bizzett3o@smh.com.au,Female,242.159.75.92
Renelle,Stobbie,rstobbie3p@pinterest.com,Female,197.53.235.128
Boigie,Berwick,bberwick3q@ameblo.jp,Male,22.3.155.37
Ardine,Engelbrecht,aengelbrecht3r@instagram.com,Female,48.248.35.66
Lindsay,Earngy,learngy3s@prnewswire.com,Male,108.178.194.156
Erwin,Begbie,ebegbie3t@storify.com,Male,246.177.218.92
Charlton,Loosmore,cloosmore3u@utexas.edu,Male,220.113.252.89
Ardis,Shelsher,ashelsher3v@dagondesign.com,Bigender,181.252.195.32
Dyane,Swateridge,dswateridge3w@tamu.edu,Female,157.182.48.33
Bertie,Pennuzzi,bpennuzzi3x@webmd.com,Male,219.234.33.12
Althea,Voelker,avoelker3y@slashdot.org,Female,246.128.24.58
Adrien,Pickwell,apickwell3z@slate.com,Male,121.200.227.149
Frants,Firidolfi,ffiridolfi40@pagesperso-orange.fr,Male,80.203.105.135
Marcy,Kenwin,mkenwin41@webeden.co.uk,Female,31.84.46.17
Aline,Colquit,acolquit42@e-recht24.de,Female,236.30.140.77
Isac,Perchard,iperchard43@mediafire.com,Male,184.202.92.92
Kimberlee,Kidston,kkidston44@about.com,Female,105.229.204.113
Christian,Roget,croget45@dailymail.co.uk,Genderfluid,215.210.242.178
Herbie,Plumbley,hplumbley46@storify.com,Male,71.54.109.197
Brannon,Kinsman,bkinsman47@desdev.cn,Male,222.33.69.239
Elianore,Touret,etouret48@umich.edu,Female,20.125.206.173
Nealon,Tattershaw,ntattershaw49@amazon.de,Male,178.242.27.213
Bjorn,Tams,btams4a@indiegogo.com,Male,11.141.215.200
Ivor,Mussilli,imussilli4b@google.com.hk,Male,20.42.93.31
Flory,Costell,fcostell4c@devhub.com,Genderfluid,233.133.144.155
Trey,Cornels,tcornels4d@desdev.cn,Male,76.223.3.83
Jolyn,Croom,jcroom4e@theglobeandmail.com,Female,24.241.100.141
Jsandye,Lovstrom,jlovstrom4f@mapy.cz,Female,94.132.24.176
Camilla,Fadell,cfadell4g@hugedomains.com,Female,50.232.116.63
Bonnibelle,Jakubovski,bjakubovski4h@walmart.com,Female,238.134.104.69
Nolly,Wonham,nwonham4i@amazon.com,Male,158.111.0.225
Kailey,Skim,kskim4j@moonfruit.com,Genderqueer,225.2.246.146
Broddie,Mathouse,bmathouse4k@google.com.au,Male,200.136.232.226
Cherianne,Lazare,clazare4l@opensource.org,Female,221.152.241.179
Neysa,Trymme,ntrymme4m@hugedomains.com,Female,213.112.235.51
Hallie,Smurfit,hsmurfit4n@sphinn.com,Female,120.250.166.136
Genevieve,Jako,gjako4o@newsvine.com,Female,136.195.87.208
Wesley,Alder,walder4p@livejournal.com,Male,14.52.83.234
Carlotta,Sambell,csambell4q@t-online.de,Bigender,19.222.223.217
Antonio,Haggarth,ahaggarth4r@ocn.ne.jp,Male,64.248.180.34
Kerstin,Balsdon,kbalsdon4s@hubpages.com,Female,159.55.81.241
Theressa,Greveson,tgreveson4t@odnoklassniki.ru,Female,93.194.136.18
Weider,Pidon,wpidon4u@microsoft.com,Male,87.122.149.133
Mab,Danielut,mdanielut4v@goo.ne.jp,Female,49.161.230.87
Chas,Merchant,cmerchant4w@ucoz.ru,Male,90.98.35.197
Arnaldo,Henkmann,ahenkmann4x@tinypic.com,Male,243.151.50.31
Thorndike,Mottershead,tmottershead4y@nba.com,Male,145.184.62.153
Guinna,Jedras,gjedras4z@xing.com,Female,123.91.139.49
Jecho,Priddie,jpriddie50@mozilla.org,Male,208.195.154.140
Martie,Worrall,mworrall51@state.tx.us,Female,221.21.202.125
Rance,Simonsson,rsimonsson52@patch.com,Male,73.70.98.206
Currie,Ianne,cianne53@howstuffworks.com,Male,199.4.99.173
Kristopher,Dukes,kdukes54@blinklist.com,Male,115.231.97.3
Ynes,Higgonet,yhiggonet55@reuters.com,Female,64.233.10.10
Vivianne,Commin,vcommin56@bbb.org,Female,209.3.248.160
Wendie,Tongue,wtongue57@angelfire.com,Female,85.38.244.145
Genevieve,Adamek,gadamek58@liveinternet.ru,Female,105.49.230.10
Shaun,Danihel,sdanihel59@imgur.com,Female,139.138.238.208
Karilynn,Klimmek,kklimmek5a@mit.edu,Female,129.129.151.229
Morissa,Devlin,mdevlin5b@ezinearticles.com,Female,76.17.210.116
Collete,Dreakin,cdreakin5c@nytimes.com,Female,116.170.28.45
Gussy,Benech,gbenech5d@prnewswire.com,Agender,81.213.9.88
Brendin,Massel,bmassel5e@flickr.com,Male,99.148.12.238
Paxon,Cariss,pcariss5f@i2i.jp,Male,36.212.68.127
Marcia,Clue,mclue5g@sakura.ne.jp,Female,121.252.223.244
Billy,Giamo,bgiamo5h@studiopress.com,Male,248.151.61.9
Marina,Sallarie,msallarie5i@time.com,Female,241.123.243.48
Heddie,Gaddes,hgaddes5j@china.com.cn,Female,130.62.95.122
Blondy,Lancley,blancley5k@vkontakte.ru,Female,35.201.29.161
Haven,O'Henery,hohenery5l@archive.org,Male,229.91.69.182
Livvyy,Dixson,ldixson5m@freewebs.com,Female,215.6.240.93
Terrill,Acom,tacom5n@netlog.com,Male,206.70.210.183
Kati,Holbie,kholbie5o@furl.net,Female,47.194.40.167
Willow,Covolini,wcovolini5p@bizjournals.com,Female,220.42.73.33
Gerti,Conradsen,gconradsen5q@booking.com,Female,199.218.210.14
Cassandry,Ruselin,cruselin5r@samsung.com,Female,200.187.151.156
Garwood,MacLise,gmaclise5s@feedburner.com,Polygender,52.250.60.66
Kim,McCathy,kmccathy5t@free.fr,Female,252.76.157.223
Gordie,Millbank,gmillbank5u@dagondesign.com,Male,193.10.210.101
Branden,Grenshiels,bgrenshiels5v@edublogs.org,Male,137.179.20.43
Beck,Simner,bsimner5w@mit.edu,Non-binary,48.214.227.92
Brenn,Pickthorne,bpickthorne5x@irs.gov,Female,119.177.95.222
Rubie,Comberbach,rcomberbach5y@zimbio.com,Female,178.107.43.193
Rad,Bester,rbester5z@va.gov,Male,135.146.149.91
Willetta,Dilley,wdilley60@skype.com,Female,61.34.144.199
Ase,Sevier,asevier61@bloglines.com,Male,173.125.180.36
Salomi,Blacklock,sblacklock62@topsy.com,Female,183.201.31.183
Blake,Dysert,bdysert63@time.com,Female,151.29.191.140
Gwenette,Chaloner,gchaloner64@cdbaby.com,Female,201.55.250.233
Sergent,Cogswell,scogswell65@altervista.org,Male,8.64.152.119
Dugald,Corkett,dcorkett66@google.de,Male,127.19.242.193
Dougie,Griggs,dgriggs67@tinyurl.com,Male,22.94.217.139
Morgen,Peery,mpeery68@wordpress.org,Female,239.242.129.205
Tabbie,Sinderson,tsinderson69@blogspot.com,Female,168.247.0.22
Kelvin,Bathersby,kbathersby6a@desdev.cn,Male,86.164.90.7
Gwenette,Dagg,gdagg6b@friendfeed.com,Female,241.128.228.78
Melisa,Laughrey,mlaughrey6c@github.com,Non-binary,100.7.160.28
Ree,Turville,rturville6d@fotki.com,Female,67.158.148.148
Elton,Jacobowitz,ejacobowitz6e@jalbum.net,Male,152.71.120.212
Clayborn,Attwoull,cattwoull6f@techcrunch.com,Male,182.199.136.73
Caren,Gough,cgough6g@usnews.com,Female,233.3.28.164
Guthrey,Martill,gmartill6h@sohu.com,Male,213.116.111.233
Fernande,Pleass,fpleass6i@abc.net.au,Female,151.150.64.105
Val,Lewsie,vlewsie6j@usda.gov,Male,6.246.74.47
Ettore,Gianullo,egianullo6k@google.ru,Male,243.133.72.12
Fidole,Diche,fdiche6l@arizona.edu,Male,205.175.71.99
Darren,Satchell,dsatchell6m@prweb.com,Agender,80.143.139.44
Tabina,Warlow,twarlow6n@gizmodo.com,Female,196.112.43.64
Sarajane,Aveyard,saveyard6o@seattletimes.com,Female,197.128.206.125
Belicia,Manvell,bmanvell6p@cloudflare.com,Female,17.152.170.200
Arlee,McGuire,amcguire6q@freewebs.com,Female,10.144.200.135
Lin,Camilio,lcamilio6r@nifty.com,Male,36.240.58.106
Darrin,Stearley,dstearley6s@gov.uk,Male,139.25.167.119
Gray,Leask,gleask6t@berkeley.edu,Male,216.126.211.42
Justinian,Braybrookes,jbraybrookes6u@google.com.br,Male,232.29.218.135
Isidor,Swate,iswate6v@archive.org,Male,214.132.194.157
Keen,Attride,kattride6w@chicagotribune.com,Male,219.126.202.45
Aarika,Kmieciak,akmieciak6x@alexa.com,Female,12.182.31.137
Bat,Fossord,bfossord6y@vistaprint.com,Male,254.249.177.224
Annissa,Broe,abroe6z@drupal.org,Female,63.144.90.67
Selle,Heyns,sheyns70@rakuten.co.jp,Female,129.188.87.59
Florella,Simmance,fsimmance71@hud.gov,Female,63.40.90.71
Mariquilla,Swindlehurst,mswindlehurst72@purevolume.com,Female,202.213.89.5
Dorice,Stapells,dstapells73@hc360.com,Female,8.248.207.235
Tally,Vuitte,tvuitte74@stumbleupon.com,Male,127.190.12.63
Corbett,Arguile,carguile75@ca.gov,Male,242.71.200.143
Robin,Danaher,rdanaher76@free.fr,Female,150.89.159.56
Aurlie,Stoakes,astoakes77@youtube.com,Female,1.12.51.3
June,Hein,jhein78@gizmodo.com,Bigender,211.148.205.143
Hanan,Alvarado,halvarado79@wordpress.com,Male,166.14.10.172
Salomo,McInally,smcinally7a@sun.com,Male,18.210.51.54
Roxanna,Uppett,ruppett7b@microsoft.com,Female,1.176.192.43
Charlotte,Wrinch,cwrinch7c@princeton.edu,Female,10.175.165.202
Darby,Hizir,dhizir7d@sogou.com,Female,152.76.22.59
Fae,Bartolomeu,fbartolomeu7e@sbwire.com,Female,202.157.69.0
Artair,Hatherall,ahatherall7f@addthis.com,Male,160.68.116.124
Lucille,Marcos,lmarcos7g@histats.com,Genderqueer,253.143.132.15
Erick,Palfree,epalfree7h@archive.org,Male,70.219.2.91
Dahlia,Baynes,dbaynes7i@godaddy.com,Female,134.45.191.150
Hercule,Alkins,halkins7j@furl.net,Male,236.226.109.109
Myrta,Brydon,mbrydon7k@ow.ly,Non-binary,210.53.19.41
Dolli,Toderi,dtoderi7l@vk.com,Female,227.144.84.37
Luciana,Culpan,lculpan7m@opensource.org,Bigender,121.112.128.31
Claudetta,Richten,crichten7n@photobucket.com,Female,211.199.166.192
Christabella,Jenckes,cjenckes7o@dmoz.org,Female,1.85.124.0
Burg,Boole,bboole7p@usgs.gov,Male,39.107.178.32
Eugenius,Pavyer,epavyer7q@spotify.com,Male,229.10.166.230
Odille,Mellers,omellers7r@illinois.edu,Female,77.115.133.97
Rani,Verdey,rverdey7s@list-manage.com,Female,135.124.186.127
Craig,Rotte,crotte7t@bbc.co.uk,Genderfluid,117.172.209.203
Lorain,Marshallsay,lmarshallsay7u@smh.com.au,Female,173.103.76.146
Marianne,Glyssanne,mglyssanne7v@artisteer.com,Female,15.70.231.54
Skipton,Wolland,swolland7w@gizmodo.com,Male,99.103.29.134
Mabel,Townby,mtownby7x@imdb.com,Female,209.107.238.97
Jasen,Melbourn,jmelbourn7y@scribd.com,Male,81.98.214.229
Ethelda,Lesper,elesper7z@google.fr,Female,23.163.250.239
Edwin,Roscoe,eroscoe80@harvard.edu,Male,81.29.96.222
Prue,Kabisch,pkabisch81@google.co.jp,Female,50.219.187.2
Iver,Tolliday,itolliday82@ucoz.ru,Male,57.250.92.136
Reynold,Davydkov,rdavydkov83@scientificamerican.com,Male,222.168.185.101
Lyon,Ternent,lternent84@newsvine.com,Male,146.30.73.197
Gilli,Rathborne,grathborne85@usa.gov,Female,93.178.212.74
Boniface,Wingfield,bwingfield86@xing.com,Male,70.213.208.142
Kerr,MacCaughen,kmaccaughen87@cbc.ca,Male,230.75.79.60
Glory,Havers,ghavers88@behance.net,Female,62.54.7.226
Farah,Borrington,fborrington89@lulu.com,Female,13.84.238.67
Darlleen,Baume,dbaume8a@exblog.jp,Genderqueer,31.180.107.246
Leroi,Occleshaw,loccleshaw8b@xinhuanet.com,Male,225.127.178.119
Ira,Schober,ischober8c@mozilla.org,Male,255.58.185.139
Layney,Stowers,lstowers8d@sohu.com,Female,232.217.68.67
Way,Triggol,wtriggol8e@google.co.uk,Male,84.177.132.134
Everard,Swetland,eswetland8f@wikimedia.org,Male,161.218.130.46
Franny,Harry,fharry8g@yelp.com,Male,226.220.20.224
Tiena,Hammel,thammel8h@twitpic.com,Female,152.209.64.183
Fonsie,O'Collopy,focollopy8i@unc.edu,Male,129.10.53.17
Lenee,Stegers,lstegers8j@etsy.com,Non-binary,62.138.229.197
Tabby,Collis,tcollis8k@purevolume.com,Female,209.64.50.48
Quinn,Cheverell,qcheverell8l@spiegel.de,Female,220.147.148.208
Ethelred,Almak,ealmak8m@usnews.com,Male,177.103.159.168
Jarred,Thiolier,jthiolier8n@ifeng.com,Male,181.88.35.19
Trixi,Spurrior,tspurrior8o@hostgator.com,Agender,126.234.60.245
Rebe,Heigl,rheigl8p@lycos.com,Female,46.222.2.70
Hobart,Linnard,hlinnard8q@themeforest.net,Male,158.196.97.171
Collen,Jeratt,cjeratt8r@devhub.com,Female,55.46.3.18
Elroy,Guerriero,eguerriero8s@imdb.com,Male,37.190.83.79
Leeann,Rodliff,lrodliff8t@deviantart.com,Female,150.28.77.120
Jackelyn,Wain,jwain8u@parallels.com,Female,19.163.143.136
Libbey,Edinburgh,ledinburgh8v@economist.com,Female,0.177.190.100
Michale,Le Quesne,mlequesne8w@sogou.com,Male,16.38.57.127
Carie,Readwing,creadwing8x@discovery.com,Female,179.126.121.69
Giorgio,Sayton,gsayton8y@yandex.ru,Male,192.184.29.194
Gabbi,Djorevic,gdjorevic8z@icio.us,Female,44.41.126.102
Burtie,MacManus,bmacmanus90@tiny.cc,Male,71.93.200.63
Kim,Hubber,khubber91@webeden.co.uk,Female,18.66.187.124
Linnie,Conaboy,lconaboy92@hhs.gov,Non-binary,204.108.7.66
Keelia,Cunnane,kcunnane93@gov.uk,Female,19.239.206.151
Irina,Lyddyard,ilyddyard94@topsy.com,Female,137.197.128.108
Cary,Wilcockes,cwilcockes95@huffingtonpost.com,Female,25.22.220.27
Cull,Kermitt,ckermitt96@g.co,Male,154.81.174.54
Katherina,Lars,klars97@ucla.edu,Female,82.169.137.158
Emmanuel,Lum,elum98@about.me,Male,46.88.41.41
Bernadina,Guerro,bguerro99@baidu.com,Female,199.20.48.10
Evelyn,Powley,epowley9a@last.fm,Female,82.245.156.145
Grannie,Berney,gberney9b@opensource.org,Male,253.216.113.238
Pepi,Bradburne,pbradburne9c@yale.edu,Female,158.220.237.172
Klarika,Chesters,kchesters9d@usa.gov,Female,139.115.77.114
Consuelo,Slogrove,cslogrove9e@wikimedia.org,Female,154.37.248.34
Patrice,Billison,pbillison9f@phpbb.com,Male,75.110.199.32
Aldwin,Coniam,aconiam9g@accuweather.com,Genderfluid,141.235.39.5
Jorry,Roxburgh,jroxburgh9h@bloglovin.com,Female,32.235.90.222
Dot,Wyatt,dwyatt9i@xrea.com,Female,181.145.135.205
Tobiah,Scryne,tscryne9j@phpbb.com,Male,110.51.100.114
Mirilla,Comellini,mcomellini9k@europa.eu,Female,202.239.170.106
Emile,Gonzalez,egonzalez9l@amazon.com,Male,97.5.53.89
Dasya,Croutear,dcroutear9m@patch.com,Female,219.197.198.110
Pieter,Feighry,pfeighry9n@desdev.cn,Male,180.246.15.140
Anabella,Rigate,arigate9o@vimeo.com,Female,92.82.181.140
Jennica,Langwade,jlangwade9p@lycos.com,Female,246.182.230.91
Efrem,Mawman,emawman9q@addtoany.com,Male,173.78.174.48
Thain,Vida,tvida9r@webmd.com,Male,144.49.131.98
Rafe,Murthwaite,rmurthwaite9s@fastcompany.com,Male,166.121.83.62
Regan,Sanchis,rsanchis9t@istockphoto.com,Female,148.183.212.120
Beverly,Rickis,brickis9u@printfriendly.com,Female,250.52.128.34
Christabella,Milton-White,cmiltonwhite9v@google.com,Female,116.181.1.128
Jermayne,Connochie,jconnochie9w@yolasite.com,Male,109.225.114.248
Roberta,Fireman,rfireman9x@comcast.net,Polygender,169.41.129.238
Doria,Ragate,dragate9y@earthlink.net,Female,89.46.180.46
Bordie,Rubie,brubie9z@huffingtonpost.com,Male,48.79.10.185
Alis,Prendiville,aprendivillea0@yandex.ru,Female,190.163.106.111
Farlie,Lightollers,flightollersa1@pcworld.com,Male,29.130.73.90
Aurilia,Hagley,ahagleya2@wufoo.com,Female,255.14.145.251
Fredrika,Ca,fcaa3@hhs.gov,Female,215.42.122.251
Christin,Maginn,cmaginna4@dailymail.co.uk,Female,87.140.66.10
Saw,Kennan,skennana5@archive.org,Male,24.63.122.167
Glyn,Charke,gcharkea6@eepurl.com,Male,155.60.74.146
Woody,Petschelt,wpetschelta7@woothemes.com,Male,184.107.164.59
Minda,Adshede,madshedea8@symantec.com,Female,3.132.222.171
Meriel,Dobney,mdobneya9@tiny.cc,Female,233.111.115.110
Grantham,Kinnett,gkinnettaa@usgs.gov,Male,64.73.15.143
Edsel,Matusov,ematusovab@icq.com,Male,45.254.232.195
Ronica,Goldis,rgoldisac@booking.com,Female,78.88.174.190
Cully,Shorland,cshorlandad@cam.ac.uk,Male,199.45.108.151
Midge,Boow,mboowae@artisteer.com,Female,254.13.20.225
Robb,De Zuani,rdezuaniaf@nationalgeographic.com,Male,168.149.132.54
Valentia,Boutflour,vboutflourag@usatoday.com,Female,229.140.255.219
Willis,Nason,wnasonah@printfriendly.com,Male,221.174.242.67
Joyan,O'Deegan,jodeeganai@blogspot.com,Female,196.158.166.249
Brande,Billin,bbillinaj@topsy.com,Female,131.235.135.62
Town,Threadkell,tthreadkellak@shinystat.com,Male,236.159.220.225
Lorain,Spry,lspryal@rambler.ru,Female,25.9.62.242
Carney,Garbutt,cgarbuttam@google.com.hk,Male,67.189.212.134
Patrizia,Challice,pchallicean@tmall.com,Female,208.169.232.113
Libbey,Pally,lpallyao@irs.gov,Female,231.8.218.45
Miguelita,Rooze,mroozeap@uiuc.edu,Female,250.207.229.220
Rutger,Woolley,rwoolleyaq@devhub.com,Male,23.56.153.58
Finley,Cotman,fcotmanar@goo.ne.jp,Polygender,196.43.140.26
Alphonse,McCann,amccannas@state.tx.us,Male,77.89.36.26
Annora,Tomblings,atomblingsat@baidu.com,Female,47.37.100.63
Ursuline,Decruse,udecruseau@list-manage.com,Female,82.202.192.1
Alberik,Castellani,acastellaniav@edublogs.org,Male,237.226.11.33
Winny,Gellion,wgellionaw@free.fr,Non-binary,114.97.9.95
Tomaso,Orta,tortaax@123-reg.co.uk,Male,91.202.93.73
Job,Duligal,jduligalay@newyorker.com,Male,247.47.10.94
Helsa,Labes,hlabesaz@booking.com,Female,88.195.6.238
Cherye,Redwin,credwinb0@hc360.com,Female,63.25.250.225
Octavius,Conerding,oconerdingb1@unicef.org,Male,40.11.98.201
Jerrilee,Danforth,jdanforthb2@over-blog.com,Female,152.238.1.213
Muffin,Oxe,moxeb3@examiner.com,Female,106.40.119.147
Sascha,Crowden,scrowdenb4@telegraph.co.uk,Female,253.241.37.115
Otho,Staley,ostaleyb5@addtoany.com,Male,80.31.86.27
Dorie,Bickell,dbickellb6@indiatimes.com,Male,27.63.66.79
Tova,McCory,tmccoryb7@soup.io,Female,60.50.105.158
Gratia,Wight,gwightb8@youtu.be,Female,105.23.42.19
Robers,Ozanne,rozanneb9@naver.com,Male,194.53.94.243
Bank,Pearcehouse,bpearcehouseba@japanpost.jp,Male,57.67.169.174
Bridgette,Jurisic,bjurisicbb@tmall.com,Female,91.188.145.72
Budd,Boatwright,bboatwrightbc@twitter.com,Male,101.217.140.8
Cassey,Iskov,ciskovbd@bloglovin.com,Female,164.246.47.91
Ignace,Scholler,ischollerbe@so-net.ne.jp,Male,215.53.140.29
Valaree,Braferton,vbrafertonbf@illinois.edu,Female,254.141.133.215
Vallie,Tills,vtillsbg@liveinternet.ru,Genderqueer,189.19.205.246
Eberhard,Harvatt,eharvattbh@goo.gl,Male,247.224.145.46
Mac,Stubbley,mstubbleybi@columbia.edu,Male,140.35.174.180
Yankee,Suett,ysuettbj@latimes.com,Male,91.33.151.40
Tab,Gilogly,tgiloglybk@biglobe.ne.jp,Male,238.70.192.113
Aubry,Hiland,ahilandbl@yale.edu,Genderfluid,119.8.231.152
Nicoline,Nowaczyk,nnowaczykbm@nbcnews.com,Female,105.77.149.209
Benedikt,Collet,bcolletbn@cbslocal.com,Male,240.234.68.46
Kesley,McCarver,kmccarverbo@goo.gl,Female,143.79.129.39
Seana,Cayet,scayetbp@yahoo.com,Female,38.78.169.192
Joan,Lashmar,jlashmarbq@geocities.com,Female,18.32.106.50
Emmeline,Koop,ekoopbr@unicef.org,Female,24.7.133.37
Germaine,Futter,gfutterbs@aboutads.info,Female,6.211.241.119
Elsinore,Morrieson,emorriesonbt@examiner.com,Female,157.97.152.59
Monro,Eytel,meytelbu@army.mil,Male,190.190.254.203
Benedick,Biggins,bbigginsbv@bandcamp.com,Male,193.18.248.245
Parrnell,Borrington,pborringtonbw@gmpg.org,Male,129.162.177.172
Mattie,Kinmond,mkinmondbx@simplemachines.org,Male,101.51.108.98
Lidia,Byrch,lbyrchby@vimeo.com,Female,76.31.183.166
Kelwin,Elnaugh,kelnaughbz@cpanel.net,Male,34.76.105.190
Vivia,Steuhlmeyer,vsteuhlmeyerc0@boston.com,Female,170.22.142.49
Abbot,Marielle,amariellec1@i2i.jp,Genderqueer,57.130.97.5
Di,Dur,ddurc2@virginia.edu,Female,144.61.164.222
Emmalyn,Vannikov,evannikovc3@i2i.jp,Agender,177.255.142.103
Ingaborg,Oades,ioadesc4@hatena.ne.jp,Female,1.252.160.50
Benoite,Wride,bwridec5@cpanel.net,Female,27.166.148.27
Lonnie,Reston,lrestonc6@mediafire.com,Female,16.134.189.239
Ulberto,Ladon,uladonc7@dmoz.org,Male,133.118.220.45
Constantine,Cansdale,ccansdalec8@nih.gov,Female,198.195.90.37
Fredericka,Yanshonok,fyanshonokc9@senate.gov,Genderqueer,223.124.127.216
Cherise,Bastie,cbastieca@redcross.org,Female,229.87.84.89
Jaquenetta,O'Brien,jobriencb@blog.com,Female,131.92.106.10
Burlie,Alenshev,balenshevcc@imgur.com,Male,212.8.247.245
Vivyan,Friett,vfriettcd@washingtonpost.com,Female,7.42.184.236
Maurizia,Maureen,mmaureence@1688.com,Female,47.76.198.138
Daphene,Giacoppoli,dgiacoppolicf@prlog.org,Female,153.157.37.67
Malcolm,Stennings,mstenningscg@narod.ru,Male,143.15.7.147
Ellynn,Redhole,eredholech@delicious.com,Female,106.206.91.242
Poppy,Salzen,psalzenci@storify.com,Female,243.20.86.210
Danielle,Hannent,dhannentcj@usda.gov,Genderqueer,66.97.127.141
Humfrey,Duckhouse,hduckhouseck@mail.ru,Male,220.246.31.131
Van,Crocket,vcrocketcl@huffingtonpost.com,Female,87.161.128.157
Amandy,Betje,abetjecm@va.gov,Non-binary,121.68.105.111
Armando,Ferri,aferricn@howstuffworks.com,Male,129.195.30.149
Joceline,Dendle,jdendleco@state.tx.us,Female,247.156.217.240
Timmy,McClurg,tmcclurgcp@irs.gov,Male,1.120.16.110
Ainsley,Girardet,agirardetcq@alexa.com,Female,99.89.58.223
Othello,Purle,opurlecr@ow.ly,Male,85.71.51.52
Zachariah,Dundridge,zdundridgecs@toplist.cz,Male,22.83.212.230
Hubie,Harpin,hharpinct@ifeng.com,Male,244.133.185.221
Ibbie,Lampens,ilampenscu@auda.org.au,Bigender,91.164.188.197
Scotty,Begent,sbegentcv@miitbeian.gov.cn,Male,200.45.164.21
Laurent,Astles,lastlescw@cargocollective.com,Male,242.235.253.191
Ody,Francey,ofranceycx@indiegogo.com,Male,111.119.215.130
Rubia,Sieve,rsievecy@slashdot.org,Female,68.84.167.230
Gav,Blakeston,gblakestoncz@ovh.net,Male,78.241.48.196
Keane,Gueste,kguested0@bandcamp.com,Male,190.61.244.111
Marice,Durbann,mdurbannd1@cdbaby.com,Female,77.206.145.37
Karlik,Pechard,kpechardd2@si.edu,Male,94.193.61.150
Worthington,Reame,wreamed3@google.it,Male,20.206.191.41
Garrik,Seabright,gseabrightd4@earthlink.net,Male,16.80.203.23
Ram,Phidgin,rphidgind5@mapquest.com,Male,48.97.208.226
Laetitia,Kinder,lkinderd6@issuu.com,Female,205.30.195.106
Nell,Sueter,nsueterd7@usnews.com,Female,252.130.63.77
Lucila,Arstingall,larstingalld8@nifty.com,Female,85.125.194.28
Antoine,Clarke,aclarked9@drupal.org,Male,215.166.7.5
Elenore,O'Kynsillaghe,eokynsillagheda@i2i.jp,Female,55.29.139.72
Abey,Arnopp,aarnoppdb@bloglovin.com,Male,99.133.50.138
Sunny,Yurygyn,syurygyndc@npr.org,Female,20.30.119.166
Evvy,Brinkler,ebrinklerdd@dagondesign.com,Female,92.162.161.13
Svend,Grosvenor,sgrosvenorde@chronoengine.com,Male,245.172.182.133
Raoul,Espina,respinadf@cornell.edu,Male,142.205.75.171
Crissie,Lody,clodydg@de.vu,Female,135.96.88.126
Orella,Poutress,opoutressdh@narod.ru,Non-binary,49.15.226.216
Herrick,Manuaud,hmanuauddi@ustream.tv,Male,94.231.72.160
Blaine,Winkett,bwinkettdj@wordpress.com,Agender,35.217.149.224
Nicky,Lindemann,nlindemanndk@github.com,Male,48.54.145.150
Marcelia,Boorer,mboorerdl@nasa.gov,Female,13.7.208.32
Gabbie,Fratczak,gfratczakdm@rediff.com,Male,143.149.47.181
Tillie,Ambrosoni,tambrosonidn@usnews.com,Female,175.234.192.212
Devin,Roll,drolldo@hostgator.com,Male,143.224.83.95
Jae,Lebell,jlebelldp@tumblr.com,Male,119.186.133.104
Rebbecca,Curnock,rcurnockdq@prlog.org,Female,98.129.255.16
Brynne,Girth,bgirthdr@msu.edu,Female,243.167.136.56
Darby,Peschke,dpeschkeds@miibeian.gov.cn,Male,4.218.31.244
Kermit,Blaskett,kblaskettdt@walmart.com,Male,83.53.126.230
Hermine,Daine,hdainedu@tripadvisor.com,Female,43.41.21.76
Samson,Tebboth,stebbothdv@ted.com,Male,155.179.0.127
Tiffani,McNuff,tmcnuffdw@nymag.com,Female,46.230.55.163
Myrtice,Pasek,mpasekdx@about.me,Female,246.30.21.174
Jemimah,Laverack,jlaverackdy@fastcompany.com,Female,88.89.227.41
Genvieve,Iozefovich,giozefovichdz@nbcnews.com,Genderfluid,102.132.215.85
Robby,Riggert,rriggerte0@ehow.com,Female,142.3.149.67
Itch,Lisett,ilisette1@bbb.org,Male,213.237.228.218
Tuckie,Cancutt,tcancutte2@google.com.hk,Male,72.73.116.162
Orel,Dowdle,odowdlee3@va.gov,Female,250.104.22.154
Ximenez,Glewe,xglewee4@wordpress.com,Male,47.31.127.166
Ranee,Godber,rgodbere5@wikipedia.org,Female,199.106.120.155
Wylie,Booler,wboolere6@psu.edu,Male,209.160.234.110
Vernon,Hatherley,vhatherleye7@independent.co.uk,Bigender,165.94.127.223
Lorin,Reimer,lreimere8@amazon.co.uk,Male,107.98.68.144
Felizio,Twinn,ftwinne9@barnesandnoble.com,Male,226.198.81.23
Devonne,Vennart,dvennartea@ustream.tv,Female,57.175.208.23
Edythe,Orbine,eorbineeb@hubpages.com,Female,31.211.128.143
Fernande,Sprull,fsprullec@sbwire.com,Female,248.173.84.98
Hillery,Swinnard,hswinnarded@t-online.de,Genderqueer,75.25.94.149
Odell,David,odavidee@webs.com,Male,87.200.138.6
Kris,Chooter,kchooteref@walmart.com,Female,28.251.215.87
Davita,Moreton,dmoretoneg@histats.com,Female,95.249.100.204
Doe,Gammage,dgammageeh@liveinternet.ru,Female,11.241.157.49
Maddy,Gowanlock,mgowanlockei@wordpress.com,Male,80.187.221.179
Katleen,Martensen,kmartensenej@scientificamerican.com,Female,86.225.220.17
Rozele,Skellington,rskellingtonek@nymag.com,Female,182.49.120.33
Lorry,Berends,lberendsel@delicious.com,Male,92.161.188.139
Bordie,Ambroise,bambroiseem@economist.com,Male,5.8.203.33
Calhoun,Hendonson,chendonsonen@histats.com,Male,254.243.239.24
Rosie,Barrett,rbarretteo@apache.org,Female,176.122.228.18
Cointon,Morehall,cmorehallep@blinklist.com,Male,176.13.169.61
Almire,Dobbin,adobbineq@nydailynews.com,Female,15.132.153.107
Ahmed,Steadman,asteadmaner@acquirethisname.com,Male,183.41.111.44
Kendal,Crowdace,kcrowdacees@altervista.org,Male,142.214.19.188
Isador,Queyeiro,iqueyeiroet@chron.com,Male,81.248.2.164
Clayborne,Klich,cklicheu@miibeian.gov.cn,Male,177.241.125.209
Dennet,Belchamp,dbelchampev@dell.com,Male,80.158.132.193
Albie,Lukins,alukinsew@canalblog.com,Male,178.74.61.10
Laura,Fernan,lfernanex@privacy.gov.au,Female,67.80.180.119
Rockey,Duerdin,rduerdiney@shinystat.com,Male,3.85.205.39
Alvira,Curneen,acurneenez@yellowbook.com,Female,9.124.56.226
Lorrie,Phebey,lphebeyf0@nba.com,Male,98.21.203.87
Eduino,Esland,eeslandf1@twitter.com,Male,81.37.107.218
Niki,Littlechild,nlittlechildf2@tamu.edu,Male,1.225.70.210
Marcos,MacCaull,mmaccaullf3@timesonline.co.uk,Male,56.112.147.140
Jodie,Crankhorn,jcrankhornf4@tripadvisor.com,Male,217.172.62.213
Reynard,Spurrett,rspurrettf5@dagondesign.com,Male,20.70.88.70
Jaclyn,Paroni,jparonif6@chronoengine.com,Female,65.112.36.87
Adolphus,Cattanach,acattanachf7@sitemeter.com,Male,169.198.192.63
Denver,Storr,dstorrf8@washington.edu,Male,36.157.126.156
Dar,Bolmann,dbolmannf9@trellian.com,Male,104.115.251.224
Madison,Vandrill,mvandrillfa@techcrunch.com,Male,220.230.172.74
Vidovic,Fullerd,vfullerdfb@friendfeed.com,Male,145.182.60.88
Lexine,Lodeke,llodekefc@mozilla.org,Female,181.181.17.9
Felix,Bromage,fbromagefd@wordpress.org,Polygender,0.32.37.233
Sawyere,Cokly,scoklyfe@flavors.me,Male,227.53.5.233
Tyne,MacManus,tmacmanusff@census.gov,Female,168.146.190.217
Travus,Hover,thoverfg@hexun.com,Male,240.216.90.229
Erma,Sarten,esartenfh@usgs.gov,Female,140.197.23.160
Sylvan,Maberley,smaberleyfi@xinhuanet.com,Male,232.157.193.64
Denice,Larimer,dlarimerfj@tiny.cc,Agender,187.139.181.45
Lanie,Blackah,lblackahfk@theglobeandmail.com,Female,106.113.166.28
Jacklyn,Whooley,jwhooleyfl@dion.ne.jp,Female,105.234.22.191
Wade,Hucker,whuckerfm@tinyurl.com,Male,159.183.146.176
Wandie,Gabb,wgabbfn@canalblog.com,Female,173.93.75.85
Berta,Lucius,bluciusfo@wiley.com,Female,0.249.106.130
Brant,Gummow,bgummowfp@mysql.com,Male,22.81.225.154
Roslyn,Rilston,rrilstonfq@yellowpages.com,Female,66.123.16.49
Marven,Seeking,mseekingfr@whitehouse.gov,Male,48.32.100.219
Batholomew,Pickering,bpickeringfs@cocolog-nifty.com,Male,199.136.32.241
Cecilia,Duffer,cdufferft@wikispaces.com,Female,39.99.206.198
Rogers,Romero,rromerofu@businessweek.com,Male,159.36.100.75
Gretal,Allport,gallportfv@stanford.edu,Female,86.124.239.171
Bradford,Beauman,bbeaumanfw@weebly.com,Male,87.100.133.231
Theo,Orpen,torpenfx@usgs.gov,Non-binary,128.86.138.246
Kania,Siemens,ksiemensfy@omniture.com,Female,202.158.87.212
Ralph,Allin,rallinfz@feedburner.com,Male,179.12.91.35
Francyne,Tembey,ftembeyg0@youku.com,Female,150.33.171.90
Sherye,Penkethman,spenkethmang1@arizona.edu,Female,113.255.87.243
Asa,Levick,alevickg2@51.la,Male,190.217.62.14
Aldo,Willwood,awillwoodg3@behance.net,Male,62.61.6.94
Darrell,Thacker,dthackerg4@hatena.ne.jp,Male,94.86.113.35
Anjanette,Manes,amanesg5@cnet.com,Female,20.51.114.163
Cherice,Kenn,ckenng6@oaic.gov.au,Female,61.69.82.114
Elfie,Deville,edevilleg7@newsvine.com,Female,156.25.221.117
Baillie,Eickhoff,beickhoffg8@chron.com,Agender,209.3.70.20
Sunny,Varvell,svarvellg9@comcast.net,Male,153.52.235.197
Skelly,Ashtonhurst,sashtonhurstga@harvard.edu,Male,123.172.140.136
Concettina,Halward,chalwardgb@exblog.jp,Female,202.194.66.186
Hamel,Nisen,hnisengc@feedburner.com,Male,99.62.229.114
Amanda,Stanborough,astanboroughgd@google.com,Female,45.64.102.224
Isabeau,Spennock,ispennockge@dion.ne.jp,Female,198.177.140.135
Janelle,Everley,jeverleygf@noaa.gov,Female,19.44.187.112
Konstantin,Avo,kavogg@princeton.edu,Male,198.251.63.138
Husein,Cloute,hcloutegh@hatena.ne.jp,Male,211.13.118.64
Eldin,Ulyet,eulyetgi@nba.com,Male,227.123.12.252
Cristina,Bunney,cbunneygj@hexun.com,Bigender,11.89.144.101
Currie,Armitage,carmitagegk@bbb.org,Male,132.145.74.192
Samuele,Knight,sknightgl@live.com,Male,78.93.76.99
Elyse,Girardy,egirardygm@chronoengine.com,Female,229.18.0.73
Chrissie,Stuehmeyer,cstuehmeyergn@nyu.edu,Male,92.127.122.57
Gale,Mansfield,gmansfieldgo@cbc.ca,Female,216.21.169.16
Isabelita,Duferie,iduferiegp@quantcast.com,Female,179.162.232.2
Chalmers,Brodley,cbrodleygq@senate.gov,Male,120.154.131.215
Sam,Lethlay,slethlaygr@unesco.org,Male,108.90.192.41
Barr,Bullin,bbullings@omniture.com,Male,40.141.232.36
Karolina,Revance,krevancegt@facebook.com,Female,220.179.71.57
Darnell,Eve,devegu@adobe.com,Male,88.189.147.77
Lorrin,De Freitas,ldefreitasgv@sciencedirect.com,Female,130.87.208.2
Rodd,Rief,rriefgw@imgur.com,Male,190.14.114.220
Florian,MacMechan,fmacmechangx@wordpress.org,Male,194.96.66.81
Wylie,Franek,wfranekgy@wunderground.com,Male,4.133.34.173
Felix,Dawdry,fdawdrygz@mashable.com,Male,169.220.15.206
Lyon,Stockoe,lstockoeh0@people.com.cn,Male,184.10.57.71
Merrick,Jandak,mjandakh1@state.tx.us,Male,51.248.221.219
Dee dee,Pendell,dpendellh2@plala.or.jp,Female,207.37.10.24
Ilaire,Renihan,irenihanh3@washington.edu,Male,239.90.231.92
Heall,Brattell,hbrattellh4@thetimes.co.uk,Male,235.212.208.184
Clark,Julian,cjulianh5@seattletimes.com,Male,215.234.233.142
Conant,Marlin,cmarlinh6@omniture.com,Male,88.122.138.134
Modesty,Brennans,mbrennansh7@cyberchimps.com,Female,173.68.104.0
Myrtice,Trow,mtrowh8@twitpic.com,Female,30.225.57.211
Davin,Hunnam,dhunnamh9@last.fm,Male,24.185.141.127
Johnny,Cannavan,jcannavanha@cbsnews.com,Male,141.156.178.40
Adel,De Carlo,adecarlohb@tripod.com,Female,207.8.137.47
Maudie,Maud,mmaudhc@privacy.gov.au,Female,165.172.86.40
Lib,Benini,lbeninihd@angelfire.com,Female,143.205.154.119
Marshall,Chiswell,mchiswellhe@storify.com,Male,142.201.194.195
Kerrie,Fillery,kfilleryhf@odnoklassniki.ru,Female,130.184.111.226
Kendre,Comer,kcomerhg@engadget.com,Female,160.239.200.104
Dorelle,Tackley,dtackleyhh@goodreads.com,Genderqueer,182.21.62.108
Pearce,Beushaw,pbeushawhi@patch.com,Male,159.103.174.48
Mendel,Daunter,mdaunterhj@sbwire.com,Male,170.65.245.249
Lorilee,Siburn,lsiburnhk@gnu.org,Female,128.60.224.85
Kalina,Chomicz,kchomiczhl@globo.com,Female,115.200.53.123
Elicia,de Guise,edeguisehm@smh.com.au,Female,3.65.56.105
Agustin,Tebald,atebaldhn@squarespace.com,Male,83.154.209.110
Cherilynn,Kernell,ckernellho@squidoo.com,Female,200.182.151.68
Mario,Spleving,msplevinghp@hibu.com,Male,197.40.220.250
Belvia,Wiffill,bwiffillhq@t.co,Genderqueer,230.85.82.36
Patricio,Tew,ptewhr@etsy.com,Male,237.166.37.136
Ninnette,Guitel,nguitelhs@ft.com,Genderqueer,196.39.154.49
Christophe,Reddecliffe,creddecliffeht@ocn.ne.jp,Male,15.65.218.0
Gardy,Billie,gbilliehu@mashable.com,Male,29.39.130.25
Phoebe,Drayton,pdraytonhv@aol.com,Female,49.130.132.214
Kit,Fargie,kfargiehw@fastcompany.com,Male,45.198.125.108
Phaidra,Rawlence,prawlencehx@cam.ac.uk,Female,26.61.199.94
Kissie,Aleksankov,kaleksankovhy@wired.com,Female,158.119.102.61
Trace,Dunstall,tdunstallhz@bloomberg.com,Polygender,64.184.153.144
Abdel,Brambill,abrambilli0@wordpress.com,Polygender,109.112.87.204
Yance,Golightly,ygolightlyi1@go.com,Male,174.137.127.0
Bunny,Benny,bbennyi2@odnoklassniki.ru,Female,204.136.58.10
Niccolo,McCrann,nmccranni3@tmall.com,Male,218.171.203.254
Muriel,Betchley,mbetchleyi4@github.io,Female,79.181.58.134
Timothy,Sign,tsigni5@nationalgeographic.com,Male,222.251.6.225
Trudie,Alyokhin,talyokhini6@scribd.com,Polygender,12.244.126.225
Elysee,Salleir,esalleiri7@google.nl,Female,198.249.64.210
Emelda,Pedracci,epedraccii8@yelp.com,Non-binary,103.22.195.210
Mei,Harrill,mharrilli9@wordpress.org,Female,200.118.108.91
Davin,Roffe,droffeia@paginegialle.it,Male,43.172.160.77
Easter,Pock,epockib@harvard.edu,Female,128.85.140.6
Shepherd,Cestard,scestardic@netvibes.com,Male,93.135.7.93
Wilbert,Becarra,wbecarraid@tumblr.com,Male,254.79.123.131
Hephzibah,Petersen,hpetersenie@jigsy.com,Female,188.66.17.13
Holli,Gusticke,hgustickeif@list-manage.com,Female,91.6.97.107
Cherianne,Joselson,cjoselsonig@apple.com,Female,65.8.105.107
Arliene,Korneichuk,akorneichukih@about.com,Female,13.176.206.162
Teodorico,Ramsell,tramsellii@msu.edu,Male,71.79.9.105
Krissy,Layfield,klayfieldij@tumblr.com,Female,51.195.206.204
Irvin,Fayers,ifayersik@goo.ne.jp,Agender,217.167.87.196
Myron,McMichan,mmcmichanil@mozilla.org,Bigender,183.45.160.243
Dario,Lurner,dlurnerim@zdnet.com,Male,195.213.45.205
Adriena,Saing,asaingin@xinhuanet.com,Female,105.104.84.112
Gerhardine,Biaggi,gbiaggiio@edublogs.org,Female,141.38.149.34
Tomas,O'Bruen,tobruenip@creativecommons.org,Male,83.3.254.195
Alameda,Smowton,asmowtoniq@smugmug.com,Female,31.185.129.199
Joshia,Muzzi,jmuzziir@nps.gov,Male,82.135.103.120
Nonnah,Chidgey,nchidgeyis@homestead.com,Female,194.211.244.221
Brigitte,Gelderd,bgelderdit@fc2.com,Female,179.157.251.102
Walt,Ghiron,wghironiu@ovh.net,Genderfluid,216.196.18.37
Flory,Wilcocks,fwilcocksiv@about.me,Female,78.206.206.135
Adolpho,Enterlein,aenterleiniw@mysql.com,Male,250.35.126.244
Lizzie,Carsey,lcarseyix@alexa.com,Non-binary,33.84.16.231
Orv,Bloxam,obloxamiy@reddit.com,Male,251.170.40.173
Juliann,Junes,jjunesiz@home.pl,Female,109.197.205.130
Gerry,Ranvoise,granvoisej0@weebly.com,Female,197.12.177.173
Ilsa,Middleditch,imiddleditchj1@independent.co.uk,Female,147.130.31.40
Luther,Batterbee,lbatterbeej2@comsenz.com,Male,102.207.106.204
Jeffrey,Bloan,jbloanj3@shinystat.com,Male,32.35.131.88
Sharia,Ilyunin,silyuninj4@ox.ac.uk,Female,145.162.99.37
Alameda,Stove,astovej5@amazon.co.uk,Female,57.9.175.7
Phillipp,Barribal,pbarribalj6@oakley.com,Male,225.12.59.29
Ebeneser,Tue,etuej7@arizona.edu,Male,102.199.89.8
Dorothy,Heifer,dheiferj8@washingtonpost.com,Female,152.45.4.223
Cosimo,Couser,ccouserj9@cornell.edu,Male,29.159.243.26
Flem,Artiss,fartissja@nba.com,Male,184.222.187.137
Brigida,Pearde,bpeardejb@marketwatch.com,Female,64.90.201.207
Tobin,Rotherforth,trotherforthjc@ucoz.ru,Male,108.235.73.87
Verna,Whitcombe,vwhitcombejd@noaa.gov,Female,137.128.33.32
Prent,Hardwin,phardwinje@businessweek.com,Male,25.158.137.211
Efren,Cuttelar,ecuttelarjf@businessweek.com,Male,60.153.251.131
Christiano,O'Hannay,cohannayjg@abc.net.au,Male,176.38.209.15
Anatollo,Sillwood,asillwoodjh@squidoo.com,Male,104.253.159.60
Teresita,Fend,tfendji@vk.com,Female,201.145.94.38
Alick,Wulfinger,awulfingerjj@elegantthemes.com,Male,55.158.8.168
Leanora,Wyss,lwyssjk@1688.com,Female,197.166.90.70
Orion,Ilewicz,oilewiczjl@narod.ru,Male,8.208.153.49
Gweneth,Galiford,ggalifordjm@unc.edu,Female,14.245.239.156
Yorker,Almeida,yalmeidajn@creativecommons.org,Male,34.247.183.183
Ginger,Goodswen,ggoodswenjo@fc2.com,Male,221.218.162.11
Nil,Geldeford,ngeldefordjp@symantec.com,Male,197.42.83.39
Jarvis,Bucky,jbuckyjq@cnbc.com,Male,232.96.4.191
Lynde,Dugmore,ldugmorejr@ted.com,Female,243.187.7.104
Romonda,Loosemore,rloosemorejs@mayoclinic.com,Female,86.106.243.96
Mandi,Lilford,mlilfordjt@buzzfeed.com,Female,227.71.160.54
Delmor,Saldler,dsaldlerju@gmpg.org,Male,157.240.97.19
Hermina,Spiring,hspiringjv@blogs.com,Female,145.123.188.193
Morey,Sheepy,msheepyjw@1und1.de,Male,100.83.227.174
Kennie,Gerry,kgerryjx@digg.com,Male,133.5.39.51
Jeannette,Kunz,jkunzjy@usgs.gov,Female,142.167.139.227
Mikol,Darwen,mdarwenjz@phoca.cz,Male,71.155.102.105
Rees,Ledner,rlednerk0@4shared.com,Male,172.92.166.11
Bess,Duffield,bduffieldk1@businessweek.com,Female,155.246.6.162
Olva,Croyden,ocroydenk2@wsj.com,Non-binary,247.22.14.162
Roxanna,Duffield,rduffieldk3@hatena.ne.jp,Female,59.167.234.203
Edwina,Darth,edarthk4@hao123.com,Bigender,111.110.165.49
Any,Ibell,aibellk5@blogtalkradio.com,Male,101.135.102.133
Brenn,Sans,bsansk6@yale.edu,Female,228.120.252.51
Kent,Collishaw,kcollishawk7@scientificamerican.com,Non-binary,58.111.230.81
Arlin,Trosdall,atrosdallk8@fotki.com,Male,8.95.62.59
Merell,Royston,mroystonk9@skype.com,Male,250.80.137.24
Moll,Joannet,mjoannetka@desdev.cn,Agender,18.49.19.41
Michel,Feavers,mfeaverskb@weather.com,Bigender,252.8.255.226
Tomi,Desport,tdesportkc@opera.com,Female,164.160.232.76
Janel,Thebeau,jthebeaukd@wikispaces.com,Female,186.38.175.21
Staci,Blazewski,sblazewskike@ft.com,Female,102.239.38.158
Felicio,MacAfee,fmacafeekf@vimeo.com,Male,86.213.103.154
Angel,Jefferd,ajefferdkg@admin.ch,Female,124.41.200.186
Leslie,Lomen,llomenkh@bravesites.com,Female,205.4.209.164
Fax,Claye,fclayeki@wix.com,Male,28.85.245.63
Bancroft,Gately,bgatelykj@sciencedirect.com,Male,209.174.49.199
Nealon,von Nassau,nvonnassaukk@skype.com,Male,105.253.200.189
Halli,Rayment,hraymentkl@typepad.com,Female,203.231.254.154
Lethia,Garrow,lgarrowkm@sakura.ne.jp,Polygender,120.166.171.74
Brennan,Whitsey,bwhitseykn@utexas.edu,Male,76.41.20.182
Giuseppe,Dundon,gdundonko@creativecommons.org,Male,173.90.92.206
Bartholemy,Smidmore,bsmidmorekp@taobao.com,Male,135.52.234.137
Dene,Urridge,durridgekq@etsy.com,Male,192.198.113.93
Nicoline,Yglesia,nyglesiakr@theguardian.com,Female,85.253.42.26
Redford,Sheryn,rsherynks@theatlantic.com,Male,7.167.232.4
Bethanne,Dunstall,bdunstallkt@multiply.com,Female,223.15.110.245
Meyer,Guinery,mguineryku@adobe.com,Male,196.182.251.254
Morley,Morcomb,mmorcombkv@istockphoto.com,Male,136.141.34.161
Cassaundra,Gillhespy,cgillhespykw@so-net.ne.jp,Female,213.184.152.135
Rosamund,Whetton,rwhettonkx@biblegateway.com,Female,248.77.167.8
Shawn,Headland,sheadlandky@bigcartel.com,Male,209.72.248.137
Emanuel,Alejo,ealejokz@constantcontact.com,Male,192.5.199.209
Laure,Bohlens,lbohlensl0@elegantthemes.com,Female,205.126.169.135
Lowrance,Nesterov,lnesterovl1@cpanel.net,Male,80.59.172.109
Michaela,Auckland,maucklandl2@washington.edu,Female,79.166.132.21
Agnella,Goodbairn,agoodbairnl3@go.com,Female,70.129.251.200
Ferdinande,Widdison,fwiddisonl4@yelp.com,Female,14.127.168.174
Bibby,Greene,bgreenel5@lycos.com,Female,98.47.6.57
Jeni,McCoole,jmccoolel6@reuters.com,Female,93.134.190.111
Hephzibah,Staunton,hstauntonl7@apple.com,Female,2.61.134.184
Gabbie,Dowzell,gdowzelll8@altervista.org,Female,79.14.187.149
Jarib,Jaskiewicz,jjaskiewiczl9@yelp.com,Male,39.184.89.138
Arel,Farren,afarrenla@spotify.com,Male,59.112.68.31
Pryce,Fante,pfantelb@hp.com,Polygender,119.223.24.252
Allsun,Ferris,aferrislc@comsenz.com,Female,9.137.83.88
Sonnnie,McClymond,smcclymondld@posterous.com,Female,241.156.133.248
Rey,Beecroft,rbeecroftle@paginegialle.it,Female,117.83.87.1
Mayne,Lanegran,mlanegranlf@constantcontact.com,Male,204.152.165.33
Falkner,Ions,fionslg@aboutads.info,Male,83.97.59.234
Freeman,Halksworth,fhalksworthlh@trellian.com,Male,186.245.111.15
Percy,Thaxton,pthaxtonli@ycombinator.com,Male,253.148.23.181
Jase,Phidgin,jphidginlj@ca.gov,Male,175.24.76.198
Harper,Tremain,htremainlk@home.pl,Polygender,243.19.17.236
Jakie,Salasar,jsalasarll@usa.gov,Male,124.176.214.174
Darrin,Dutton,dduttonlm@businessweek.com,Male,71.226.60.181
Howard,Lansbury,hlansburyln@accuweather.com,Male,114.0.229.136
Adler,Dwight,adwightlo@imdb.com,Male,215.107.234.209
Asa,Reolfi,areolfilp@comcast.net,Male,161.176.230.10
Sharyl,Capron,scapronlq@nifty.com,Female,119.156.0.114
Esmaria,Tiernan,etiernanlr@cmu.edu,Female,13.205.31.85
Franz,Bilborough,fbilboroughls@flavors.me,Male,222.69.136.162
Hyacintha,Ech,hechlt@indiatimes.com,Female,124.153.31.93
Garold,Blanko,gblankolu@newyorker.com,Male,190.153.118.1
Rachel,Abramchik,rabramchiklv@tumblr.com,Female,37.248.240.64
Jarret,Fullard,jfullardlw@taobao.com,Male,174.230.97.141
Donnell,Pierse,dpierselx@etsy.com,Male,117.10.102.5
Etty,Beswetherick,ebeswetherickly@bbc.co.uk,Agender,41.199.149.43
Brand,Alenichev,balenichevlz@bluehost.com,Male,155.8.244.205
Bria,Nealon,bnealonm0@huffingtonpost.com,Female,208.73.209.8
Glynis,Docwra,gdocwram1@example.com,Polygender,45.58.83.203
Maurise,Fydo,mfydom2@imgur.com,Male,149.91.41.232
Stella,Pyott,spyottm3@hubpages.com,Female,119.196.21.190
Rand,Brotherton,rbrothertonm4@twitter.com,Male,239.238.203.63
Emelyne,Matlock,ematlockm5@redcross.org,Female,38.245.198.172
Pietro,Custed,pcustedm6@stanford.edu,Male,4.133.212.82
Charmion,Lomath,clomathm7@examiner.com,Female,96.39.242.181
Ambrosio,Cammocke,acammockem8@prnewswire.com,Male,120.73.7.84
Betta,MacIllrick,bmacillrickm9@list-manage.com,Female,70.47.134.174
Emery,Crates,ecratesma@harvard.edu,Male,67.212.43.38
Christye,Blazek,cblazekmb@accuweather.com,Female,145.90.50.90
Eduard,Stansell,estansellmc@hud.gov,Male,8.81.255.149
Emalia,Mackiewicz,emackiewiczmd@nbcnews.com,Female,32.196.142.206
Armand,Saben,asabenme@example.com,Male,65.46.174.57
Mureil,Whayman,mwhaymanmf@springer.com,Female,96.54.165.21
Laurena,Cleugh,lcleughmg@google.cn,Female,227.205.45.114
Gannie,Fenck,gfenckmh@smugmug.com,Male,26.230.30.104
Gris,Sorsby,gsorsbymi@ted.com,Male,218.216.11.164
Jo ann,Lacrouts,jlacroutsmj@ycombinator.com,Female,213.116.33.176
Angelique,Siggee,asiggeemk@alexa.com,Polygender,220.71.91.209
Baryram,Buscher,bbuscherml@disqus.com,Male,71.231.82.30
Desiree,Magrannell,dmagrannellmm@wp.com,Female,189.89.109.50
Parke,Milligan,pmilliganmn@ehow.com,Male,158.90.174.3
Thia,Brane,tbranemo@dmoz.org,Female,118.106.115.228
Delia,Clappison,dclappisonmp@google.es,Female,8.213.45.99
Chelsea,Clow,cclowmq@bloomberg.com,Female,210.139.238.7
Casey,Shutte,cshuttemr@issuu.com,Male,117.151.228.190
Marlyn,Constanza,mconstanzams@stumbleupon.com,Female,56.8.32.101
Elston,MacGall,emacgallmt@weather.com,Non-binary,74.222.3.167
Abby,Kless,aklessmu@bravesites.com,Bigender,37.199.157.35
Veradis,Lanchbury,vlanchburymv@who.int,Female,196.4.190.193
Guillaume,Tankus,gtankusmw@vistaprint.com,Male,53.176.158.94
Phedra,Cotgrave,pcotgravemx@com.com,Female,92.57.158.158
Liliane,Stainburn,lstainburnmy@loc.gov,Female,234.42.246.103
Roxy,Le Sieur,rlesieurmz@china.com.cn,Female,8.26.119.55
Paulie,Harbison,pharbisonn0@sohu.com,Male,187.247.124.79
Thorpe,Withey,twitheyn1@angelfire.com,Male,88.100.73.57
Denys,Scaplehorn,dscaplehornn2@salon.com,Male,222.40.113.59
Meryl,Liffey,mliffeyn3@army.mil,Female,230.139.53.90
Shina,Spering,ssperingn4@dagondesign.com,Female,6.196.116.159
Fianna,Norcock,fnorcockn5@amazon.co.jp,Female,183.85.63.12
Ingeborg,Rickman,irickmann6@google.it,Female,223.14.72.119
Antons,Jammet,ajammetn7@census.gov,Male,233.22.139.150
Barny,Surcomb,bsurcombn8@dropbox.com,Male,21.27.64.140
Ardelle,O'Meara,aomearan9@forbes.com,Female,93.123.204.203
Michaeline,Bezants,mbezantsna@blogtalkradio.com,Female,97.196.44.95
Nathanil,Allison,nallisonnb@bloomberg.com,Male,169.67.145.51
Arel,Teml,atemlnc@blogspot.com,Agender,191.238.252.69
Ripley,Radeliffe,rradeliffend@nih.gov,Male,242.7.202.15
Dyanne,Thurlbourne,dthurlbournene@exblog.jp,Female,65.147.54.141
Liana,Heathorn,lheathornnf@rediff.com,Female,170.8.53.198
Frans,Hanna,fhannang@weebly.com,Male,129.17.202.120
Judas,Rives,jrivesnh@1688.com,Male,12.134.80.90
Jenni,Elflain,jelflainni@domainmarket.com,Female,201.149.7.30
Chantalle,Grouvel,cgrouvelnj@usnews.com,Bigender,80.222.75.219
Olag,Farndon,ofarndonnk@alexa.com,Male,97.43.214.108
Sigfrid,Bows,sbowsnl@php.net,Agender,23.236.73.99
Roth,Vannozzii,rvannozziinm@ifeng.com,Non-binary,242.130.180.249
Farrell,Ronan,fronannn@mlb.com,Male,132.189.247.60
Cyrill,Tendahl,ctendahlno@mlb.com,Male,172.180.204.33
Fleming,Longstreeth,flongstreethnp@squidoo.com,Male,170.60.94.248
Avigdor,Moynham,amoynhamnq@nasa.gov,Male,155.101.184.63
Abby,Trassler,atrasslernr@mozilla.com,Male,90.174.241.147
Jenny,Taylerson,jtaylersonns@slashdot.org,Female,246.230.254.244
Cal,Andreopolos,candreopolosnt@cyberchimps.com,Female,29.15.100.123
Christian,Hardware,chardwarenu@wiley.com,Male,31.42.16.73
Gannie,Taks,gtaksnv@msu.edu,Male,116.62.141.220
Robbert,Jewiss,rjewissnw@china.com.cn,Male,27.6.215.116
Emili,Hellens,ehellensnx@wordpress.com,Female,168.204.215.222
Rozamond,Dearth,rdearthny@buzzfeed.com,Genderfluid,166.76.72.27
Scarlet,Harbor,sharbornz@blogtalkradio.com,Female,189.214.255.247
Isidora,Braniff,ibraniffo0@pagesperso-orange.fr,Female,142.241.163.205
Yulma,Bavridge,ybavridgeo1@walmart.com,Male,114.234.27.202
Blancha,Harrismith,bharrismitho2@microsoft.com,Female,63.216.101.10
Aubrey,Bunson,abunsono3@netlog.com,Male,55.54.65.79
Floria,Piechnik,fpiechniko4@smh.com.au,Female,129.169.55.185
Knox,Fumagall,kfumagallo5@reference.com,Male,5.167.55.40
Berri,Nolda,bnoldao6@harvard.edu,Female,158.39.13.119
Reggi,Klimowski,rklimowskio7@chicagotribune.com,Female,105.171.48.4
Sada,Pietraszek,spietraszeko8@technorati.com,Female,186.118.187.21
Duffy,Eveque,devequeo9@twitter.com,Male,28.123.130.245
Lisetta,Roth,lrothoa@blogtalkradio.com,Female,145.152.201.67
Carey,Scragg,cscraggob@istockphoto.com,Female,156.71.142.167
Charo,Joscelin,cjoscelinoc@bizjournals.com,Female,206.5.227.102
Ewart,Fadian,efadianod@uol.com.br,Male,66.58.29.64
Othella,Ginner,oginneroe@studiopress.com,Female,2.158.134.201
Maurise,Scammell,mscammellof@scientificamerican.com,Female,242.137.184.2
Casandra,Cuxson,ccuxsonog@hud.gov,Female,63.178.221.131
Lonee,Child,lchildoh@unc.edu,Female,103.13.14.46
Ailee,McCheyne,amccheyneoi@netscape.com,Female,239.207.219.216
Bobby,Papaminas,bpapaminasoj@walmart.com,Female,36.183.182.84
Tiffanie,Steutly,tsteutlyok@youtu.be,Genderqueer,120.212.213.135
Rourke,Staries,rstariesol@privacy.gov.au,Male,119.98.151.188
Bernardine,Euels,beuelsom@sourceforge.net,Female,68.196.155.247
Chrotoem,Kiely,ckielyon@irs.gov,Male,28.117.156.185
Arlan,Meeron,ameeronoo@ning.com,Bigender,228.218.50.116
Bette,Lamping,blampingop@lulu.com,Bigender,160.28.57.188
Karole,Egle of Germany,kegleofgermanyoq@tuttocitta.it,Female,115.249.125.21
Isak,Shieber,ishieberor@bloomberg.com,Bigender,194.174.217.179
Martyn,Tissier,mtissieros@about.com,Male,39.161.140.65
Dulcia,Rougier,drougierot@joomla.org,Female,119.217.98.125
Chere,Lantiffe,clantiffeou@hc360.com,Female,107.217.231.73
Irving,Bestiman,ibestimanov@skype.com,Male,204.72.198.6
Judd,Gindghill,jgindghillow@earthlink.net,Male,128.237.153.139
Eloise,Tombling,etomblingox@shareasale.com,Female,210.69.5.35
Berny,Catterick,bcatterickoy@amazon.co.jp,Female,247.166.54.94
Nicolea,Saull,nsaulloz@ning.com,Female,14.173.61.21
Jenna,Pascoe,jpascoep0@about.com,Female,53.8.221.177
Lydie,Matlock,lmatlockp1@163.com,Female,19.112.50.234
Rosetta,Langhor,rlanghorp2@jigsy.com,Female,12.49.228.209
Halimeda,Blacket,hblacketp3@examiner.com,Female,132.191.238.166
Wilton,Hayward,whaywardp4@feedburner.com,Male,243.21.69.123
Aldous,Lendon,alendonp5@w3.org,Male,211.5.146.219
Aileen,Trevillion,atrevillionp6@mlb.com,Female,151.2.83.202
Kizzee,Fardoe,kfardoep7@ox.ac.uk,Female,67.142.108.251
Bunny,Readshall,breadshallp8@miibeian.gov.cn,Female,48.199.42.87
Conway,Mynett,cmynettp9@foxnews.com,Male,116.159.26.22
Terza,Placido,tplacidopa@dyndns.org,Female,57.143.37.109
Dulcine,Treadway,dtreadwaypb@paginegialle.it,Female,221.28.248.18
Sinclair,Celle,scellepc@ibm.com,Male,0.12.37.207
Silvano,Marcinkus,smarcinkuspd@cnet.com,Male,91.127.23.233
Edan,Lindenfeld,elindenfeldpe@360.cn,Male,71.11.80.248
Karel,Maxwell,kmaxwellpf@zimbio.com,Polygender,198.19.145.150
Hall,Dederich,hdederichpg@google.fr,Bigender,225.217.188.34
Tuesday,Sword,tswordph@cdc.gov,Female,219.175.93.137
Adrien,Twidale,atwidalepi@canalblog.com,Male,104.90.240.15
Malory,Florence,mflorencepj@weather.com,Female,149.94.254.188
Gerianne,Batters,gbatterspk@acquirethisname.com,Genderfluid,198.244.197.140
Buckie,Jewitt,bjewittpl@163.com,Male,8.196.131.128
Dario,Ebsworth,debsworthpm@theguardian.com,Male,158.29.183.35
Joscelin,Dalliwater,jdalliwaterpn@yandex.ru,Non-binary,162.250.13.154
Corie,Woolveridge,cwoolveridgepo@miitbeian.gov.cn,Female,190.141.226.54
Krispin,Curneen,kcurneenpp@cnn.com,Bigender,96.21.64.196
Weidar,Kopecka,wkopeckapq@shareasale.com,Male,121.181.50.80
Fowler,Culpen,fculpenpr@com.com,Male,129.14.112.248
Demetria,Guichard,dguichardps@yale.edu,Genderfluid,152.156.39.69
Averill,O'Gavin,aogavinpt@shutterfly.com,Male,242.75.6.166
Broddy,Rehme,brehmepu@people.com.cn,Male,72.162.22.205
Roddie,Drews,rdrewspv@google.com.br,Male,136.168.30.232
Jess,Bloxsome,jbloxsomepw@hud.gov,Female,240.76.120.160
Rog,Motten,rmottenpx@list-manage.com,Male,5.121.245.227
Sophia,Hain,shainpy@google.ca,Female,85.119.150.180
Eddie,Lightoller,elightollerpz@sfgate.com,Genderqueer,97.167.49.102
Merissa,Absalom,mabsalomq0@mashable.com,Female,58.42.23.232
Damara,Dood,ddoodq1@seesaa.net,Female,254.232.56.197
Charmane,Rudwell,crudwellq2@arstechnica.com,Female,62.87.41.20
Julie,Lipmann,jlipmannq3@phpbb.com,Male,235.24.166.137
Christoffer,Lamy,clamyq4@zimbio.com,Male,27.19.73.7
Kingsly,Oseland,koselandq5@cnn.com,Male,113.209.9.29
Elspeth,Braniff,ebraniffq6@house.gov,Female,151.111.125.229
Jacques,Geraldez,jgeraldezq7@github.io,Male,15.254.171.42
Cyrillus,Baccus,cbaccusq8@epa.gov,Male,142.113.31.195
Sydel,Harrop,sharropq9@wired.com,Female,87.158.83.174
Floyd,McClifferty,fmccliffertyqa@qq.com,Male,131.223.198.16
Grannie,Quarles,gquarlesqb@wp.com,Male,73.68.62.57
Maryanna,McKinley,mmckinleyqc@addthis.com,Female,56.25.121.12
Adams,O'Hickey,aohickeyqd@storify.com,Male,216.142.61.233
Vinnie,McLese,vmcleseqe@nbcnews.com,Male,21.210.105.115
Kylila,Peacham,kpeachamqf@va.gov,Female,26.153.105.121
Wanda,Cobbold,wcobboldqg@bandcamp.com,Female,145.193.160.90
Wren,Tavinor,wtavinorqh@chicagotribune.com,Non-binary,179.156.224.221
Jarrad,Tuxsell,jtuxsellqi@privacy.gov.au,Male,62.97.108.26
Deny,Robertot,drobertotqj@nasa.gov,Female,191.116.90.254
Caesar,Impy,cimpyqk@technorati.com,Male,25.196.138.238
Jeramey,Wace,jwaceql@posterous.com,Male,36.147.102.74
Estevan,Gravet,egravetqm@telegraph.co.uk,Male,137.1.34.171
Spike,McMonnies,smcmonniesqn@linkedin.com,Male,211.20.243.151
Cristen,Kintzel,ckintzelqo@ameblo.jp,Female,55.63.124.243
Hartley,Mitkin,hmitkinqp@sbwire.com,Bigender,105.97.53.120
Nada,Stranio,nstranioqq@seattletimes.com,Female,174.42.79.111
Wilow,Whelband,wwhelbandqr@paypal.com,Female,133.57.194.143
Berke,Loveridge,bloveridgeqs@mtv.com,Male,171.153.2.162
Scarlett,O'Ferris,soferrisqt@pbs.org,Female,193.234.217.19
Renado,Shotton,rshottonqu@timesonline.co.uk,Male,55.233.139.80
Cam,Halling,challingqv@technorati.com,Male,17.222.16.170
Carrie,Riehm,criehmqw@china.com.cn,Female,92.29.139.97
Boyd,Fowls,bfowlsqx@ca.gov,Male,234.174.238.129
Chane,Scrane,cscraneqy@purevolume.com,Male,164.44.195.10
Leontine,Grishanov,lgrishanovqz@imageshack.us,Polygender,229.70.156.151
Randolph,Kitchenman,rkitchenmanr0@latimes.com,Male,135.8.169.214
Aarika,Mangenet,amangenetr1@ibm.com,Female,203.226.120.32
Gayler,Bourton,gbourtonr2@kickstarter.com,Male,185.45.50.18
Royall,Myhan,rmyhanr3@thetimes.co.uk,Male,103.253.176.163
Elwyn,Ellins,eellinsr4@tinypic.com,Male,180.29.138.49
Nikki,McJury,nmcjuryr5@diigo.com,Male,112.245.79.151
Harp,McGreal,hmcgrealr6@nationalgeographic.com,Male,37.156.155.16
Shawna,Schimke,sschimker7@g.co,Female,57.95.100.209
Webb,Lorie,wlorier8@cisco.com,Male,150.30.209.163
Anneliese,Tilney,atilneyr9@pagesperso-orange.fr,Female,166.130.73.219
Stanton,Siggs,ssiggsra@cnbc.com,Male,160.76.243.235
Gasparo,Castellani,gcastellanirb@nih.gov,Male,182.14.34.34
Giulio,Hovee,ghoveerc@marriott.com,Male,182.215.206.232
Benjamen,Dadley,bdadleyrd@sakura.ne.jp,Male,29.118.222.75
Gunilla,Fentem,gfentemre@dell.com,Female,222.91.73.142
Hagen,Mulberry,hmulberryrf@lulu.com,Male,12.190.232.252
Karlee,Skeete,kskeeterg@1und1.de,Female,70.91.137.210
Ofilia,Babinski,obabinskirh@usnews.com,Female,155.99.48.40
Brandy,Addinall,baddinallri@vimeo.com,Male,109.179.2.90
Rainer,Bromilow,rbromilowrj@howstuffworks.com,Male,205.169.207.1
Gilly,Endicott,gendicottrk@wsj.com,Female,20.239.33.81
Estel,Moniker,emonikerrl@merriam-webster.com,Female,71.13.178.223
Laural,L'Homme,llhommerm@engadget.com,Female,243.213.15.1
Jarid,Rawdales,jrawdalesrn@telegraph.co.uk,Male,69.21.6.80
Taddeusz,O'Shaughnessy,toshaughnessyro@amazon.com,Polygender,199.31.93.9
Norton,Bischof,nbischofrp@cdc.gov,Male,162.70.126.193
Benedicto,Dimitriades,bdimitriadesrq@time.com,Male,231.151.193.198
Amalita,Scadden,ascaddenrr@vkontakte.ru,Female,141.184.94.243
