first_name,last_name,email,gender,ip_address
Rianon,Mumberson,rmumberson0@dropbox.com,Female,214.112.243.158
Car,McSharry,cmcsharry1@nature.com,Male,111.23.166.3
Bennie,Cowthart,bcowthart2@mozilla.org,Female,167.50.248.15
Trescha,Wasmuth,twasmuth3@hatena.ne.jp,Female,234.231.231.171
Peterus,Haggart,phaggart4@drupal.org,Male,33.175.81.15
Stanley,Clawson,sclawson5@admin.ch,Non-binary,174.48.155.36
Thedrick,Lavies,tlavies6@earthlink.net,Male,173.99.148.55
Barton,Wyatt,bwyatt7@mlb.com,Bigender,67.242.19.173
Jilly,Tutchell,jtutchell8@t.co,Female,19.245.111.246
Mariam,Norgate,mnorgate9@apple.com,Bigender,60.136.38.23
Tandy,Grahamslaw,tgrahamslawa@cdc.gov,Female,128.38.186.195
Ned,Adamkiewicz,nadamkiewiczb@spiegel.de,Male,221.239.12.181
Ezri,Gravey,egraveyc@house.gov,Male,94.126.176.223
Tamra,Bruno,tbrunod@wordpress.org,Female,119.191.70.185
Rasia,Baelde,rbaeldee@cbc.ca,Bigender,92.247.34.181
Franzen,Pavie,fpavief@huffingtonpost.com,Male,157.227.178.226
Agnes,Goodin,agooding@wordpress.com,Female,211.129.77.176
Ted,Chaffey,tchaffeyh@ycombinator.com,Male,69.130.63.218
Ardenia,Reis,areisi@geocities.com,Female,2.6.194.56
Gabriell,Alishoner,galishonerj@ustream.tv,Female,149.22.46.154
Nerte,Sifflett,nsifflettk@123-reg.co.uk,Female,228.211.142.124
Malorie,Scardefield,mscardefieldl@opera.com,Female,13.160.231.102
Bamby,Takle,btaklem@ox.ac.uk,Female,174.26.251.166
Lauritz,Stayte,lstayten@vimeo.com,Male,18.216.100.165
Allison,Sheepy,asheepyo@ibm.com,Female,176.134.45.87
Merridie,Grishinov,mgrishinovp@github.io,Female,169.18.191.178
Lanae,Haime,lhaimeq@wikia.com,Female,240.144.157.209
Ardelis,Danbye,adanbyer@imgur.com,Bigender,12.167.189.238
Anatol,Echalie,aechalies@clickbank.net,Male,19.101.131.144
Elayne,Deehan,edeehant@aboutads.info,Female,59.73.188.60
Janeen,Willingam,jwillingamu@drupal.org,Female,159.12.81.8
Armin,Guiness,aguinessv@harvard.edu,Male,100.26.104.112
Raff,Tull,rtullw@globo.com,Male,72.255.75.205
Rena,Penhall,rpenhallx@hatena.ne.jp,Female,42.37.62.238
Ivette,Garrow,igarrowy@delicious.com,Female,91.255.100.138
Starla,Bengle,sbenglez@chronoengine.com,Female,195.134.15.166
Isidor,Brentnall,ibrentnall10@scribd.com,Male,139.186.147.51
Prentice,McGibbon,pmcgibbon11@mozilla.com,Male,90.43.145.45
Donavon,Piegrome,dpiegrome12@ft.com,Genderfluid,194.170.243.80
Carmel,Rickards,crickards13@nifty.com,Female,174.242.18.221
Ivar,Godon,igodon14@archive.org,Male,180.4.176.159
Rodi,Clapston,rclapston15@phpbb.com,Female,50.233.31.48
Cherlyn,Raisbeck,craisbeck16@gmpg.org,Female,53.179.86.216
Andra,Mitchel,amitchel17@theguardian.com,Female,29.17.74.2
Viv,Llewelly,vllewelly18@smh.com.au,Female,117.151.204.85
Rowena,Vaughton,rvaughton19@bravesites.com,Female,25.212.29.51
Red,Burder,rburder1a@craigslist.org,Male,174.91.45.234
Kaiser,Newcom,knewcom1b@timesonline.co.uk,Male,30.194.26.94
Elvyn,Keme,ekeme1c@yellowpages.com,Male,226.92.1.180
Glennie,Ruck,gruck1d@amazonaws.com,Female,100.40.113.155
Fey,Cultcheth,fcultcheth1e@auda.org.au,Female,209.181.156.192
Ingar,Fantonetti,ifantonetti1f@jalbum.net,Male,172.160.37.222
Raychel,Birkby,rbirkby1g@wisc.edu,Female,153.38.48.52
Jessee,Garred,jgarred1h@cloudflare.com,Male,3.55.9.81
Mike,Pennycuick,mpennycuick1i@yelp.com,Male,72.254.104.202
Derron,McSporrin,dmcsporrin1j@youtu.be,Male,247.142.192.14
Ulises,Pearl,upearl1k@va.gov,Male,152.8.103.142
Erskine,Pruckner,epruckner1l@twitter.com,Male,152.41.194.177
Dean,Rudgard,drudgard1m@flavors.me,Male,226.169.69.139
Flinn,Yakushkin,fyakushkin1n@ihg.com,Male,249.229.138.35
Deirdre,Heino,dheino1o@mozilla.com,Female,190.94.216.134
Lance,Kalaher,lkalaher1p@princeton.edu,Male,20.54.200.175
Warden,Shurrock,wshurrock1q@twitpic.com,Male,4.193.125.102
Tadeas,Every,tevery1r@jigsy.com,Male,117.47.32.145
Codi,Drakes,cdrakes1s@hostgator.com,Female,187.240.183.139
Camellia,Eves,ceves1t@slideshare.net,Female,172.166.214.194
Carrissa,Winkworth,cwinkworth1u@csmonitor.com,Female,105.67.204.157
Erin,de Guerre,edeguerre1v@wp.com,Male,255.245.139.98
Rabbi,Cayton,rcayton1w@mlb.com,Male,174.250.225.190
North,Oleksiak,noleksiak1x@slideshare.net,Male,104.255.136.235
Dorise,Henniger,dhenniger1y@google.de,Female,163.43.151.239
Andee,Gregol,agregol1z@buzzfeed.com,Female,173.210.60.210
Maiga,Shrigley,mshrigley20@pagesperso-orange.fr,Female,72.205.235.252
Vin,Durbyn,vdurbyn21@umich.edu,Male,150.55.37.110
Sylvan,Daenen,sdaenen22@newyorker.com,Male,123.127.104.13
Glennis,Been,gbeen23@over-blog.com,Female,124.200.213.138
Aguste,Pettus,apettus24@dmoz.org,Male,195.48.37.8
Worden,Gulberg,wgulberg25@twitpic.com,Male,88.28.66.167
Stephi,Donaher,sdonaher26@umich.edu,Bigender,155.243.2.12
Carmelle,McTurley,cmcturley27@vk.com,Female,95.244.76.129
Theresina,Bonwick,tbonwick28@people.com.cn,Female,103.243.181.132
Freddi,Rawle,frawle29@craigslist.org,Female,21.160.58.6
Pollyanna,Foulds,pfoulds2a@spiegel.de,Female,175.0.16.215
Harley,Petkens,hpetkens2b@washingtonpost.com,Female,160.182.16.101
Tracy,Dosdale,tdosdale2c@admin.ch,Female,59.39.109.65
Josias,O' Faherty,jofaherty2d@technorati.com,Male,205.160.145.133
Keefe,Butson,kbutson2e@archive.org,Male,76.201.44.72
Paulo,Dunsmuir,pdunsmuir2f@com.com,Genderqueer,229.42.20.51
Anita,Paulon,apaulon2g@printfriendly.com,Female,222.32.232.249
Emyle,Purchon,epurchon2h@dedecms.com,Female,204.79.35.17
Salomo,Franklin,sfranklin2i@woothemes.com,Male,20.7.73.177
Alwyn,Capelen,acapelen2j@techcrunch.com,Male,250.234.161.86
Alys,Ronisch,aronisch2k@qq.com,Female,36.206.211.30
Mortimer,Filer,mfiler2l@phpbb.com,Male,162.15.234.208
Davine,Tosh,dtosh2m@state.gov,Female,52.168.43.3
Nessie,Cregin,ncregin2n@xrea.com,Female,222.210.136.59
Addy,Bisterfeld,abisterfeld2o@csmonitor.com,Female,227.171.54.215
Tades,Phette,tphette2p@webs.com,Male,235.189.248.17
Thor,Hardisty,thardisty2q@1und1.de,Male,29.244.158.168
Clovis,Wear,cwear2r@yolasite.com,Female,139.83.141.151
Mickie,MacGraith,mmacgraith2s@reverbnation.com,Female,18.241.216.115
Bibby,Charley,bcharley2t@abc.net.au,Female,227.77.199.179
Cherry,Elfitt,celfitt2u@wsj.com,Bigender,249.61.247.98
Sheila,Couldwell,scouldwell2v@wisc.edu,Female,161.145.161.165
Arden,Izachik,aizachik2w@angelfire.com,Female,115.189.63.22
Siusan,Thornborrow,sthornborrow2x@nifty.com,Female,156.204.47.62
Morgen,Wisam,mwisam2y@51.la,Male,31.141.170.239
Danita,Pharaoh,dpharaoh2z@adobe.com,Female,155.66.187.227
Erastus,Liepmann,eliepmann30@blog.com,Male,165.132.174.111
Aron,Manoelli,amanoelli31@ft.com,Male,182.166.40.83
Ethelbert,Blissett,eblissett32@sohu.com,Male,132.10.135.140
Fanny,Gettings,fgettings33@bluehost.com,Female,61.182.18.156
Kingston,Gouth,kgouth34@qq.com,Male,19.239.213.159
Norri,Gilgryst,ngilgryst35@fda.gov,Female,144.168.168.49
Clint,Joinson,cjoinson36@senate.gov,Male,173.157.158.33
Bebe,O'Dougherty,bodougherty37@epa.gov,Female,196.59.142.250
Marcy,Harvard,mharvard38@themeforest.net,Female,221.195.27.159
Marga,Whewill,mwhewill39@php.net,Genderqueer,97.44.85.205
Kristien,Tuxill,ktuxill3a@wikia.com,Female,50.36.44.11
Skell,Goodrich,sgoodrich3b@bloglines.com,Male,197.154.225.152
Allan,Khotler,akhotler3c@ucoz.com,Male,255.234.140.252
Lizzy,Wyrall,lwyrall3d@twitpic.com,Female,25.205.72.15
Artie,Gisborne,agisborne3e@imageshack.us,Male,2.166.210.198
Deni,Fayre,dfayre3f@nps.gov,Female,153.99.235.80
Loraine,Stormes,lstormes3g@mayoclinic.com,Female,223.97.225.15
Maximilien,MacDonnell,mmacdonnell3h@google.com,Male,180.72.241.60
Kynthia,Eates,keates3i@histats.com,Female,253.95.189.45
Augie,Grabb,agrabb3j@liveinternet.ru,Male,188.79.76.53
Lucienne,Freeborn,lfreeborn3k@themeforest.net,Female,55.39.27.61
Lennie,Prosch,lprosch3l@dyndns.org,Male,50.147.50.44
Winonah,Beckham,wbeckham3m@blog.com,Female,27.159.247.163
Jan,Igounet,jigounet3n@newyorker.com,Female,208.1.155.233
Derick,Haskell,dhaskell3o@bing.com,Male,120.53.174.12
Fletch,Reightley,freightley3p@tripadvisor.com,Male,113.55.175.184
Bertina,O'Shiels,boshiels3q@about.me,Genderqueer,35.234.163.122
Talbert,Privost,tprivost3r@163.com,Male,118.135.112.150
Kahaleel,Huxham,khuxham3s@joomla.org,Male,144.117.194.160
Edythe,Cosens,ecosens3t@foxnews.com,Female,180.167.188.234
Joeann,Colvin,jcolvin3u@artisteer.com,Female,70.43.187.6
Roanne,Fetherby,rfetherby3v@blogtalkradio.com,Female,177.37.172.87
Cobb,Stodit,cstodit3w@wix.com,Male,188.201.235.65
Rickard,Skitt,rskitt3x@hatena.ne.jp,Male,171.214.89.63
Townsend,Chilver,tchilver3y@sakura.ne.jp,Male,198.59.79.67
Menard,Blunt,mblunt3z@sbwire.com,Male,154.184.45.32
Kala,Livesley,klivesley40@blog.com,Bigender,252.221.133.26
Astrid,Canaan,acanaan41@ebay.co.uk,Female,128.122.206.203
Gibb,Cunliffe,gcunliffe42@google.com.br,Male,132.121.131.100
Morie,Toffano,mtoffano43@angelfire.com,Male,177.170.86.34
Rodger,Maddrell,rmaddrell44@nymag.com,Genderfluid,204.42.171.116
Elyn,Farrow,efarrow45@bbc.co.uk,Female,101.183.165.252
Karole,Forsaith,kforsaith46@ow.ly,Female,224.224.210.253
Lemmie,Heino,lheino47@microsoft.com,Male,242.186.180.8
Ara,Boden,aboden48@google.ru,Male,161.76.127.170
Chrissy,Cossentine,ccossentine49@nationalgeographic.com,Female,123.53.108.167
Laney,Hanlon,lhanlon4a@clickbank.net,Female,184.200.198.169
Merridie,Stears,mstears4b@who.int,Female,69.158.53.194
Jesse,Linwood,jlinwood4c@rambler.ru,Male,216.186.181.111
El,Zellick,ezellick4d@prlog.org,Male,93.126.70.69
Gabi,Robion,grobion4e@privacy.gov.au,Male,249.186.106.81
Cesya,Lambden,clambden4f@nydailynews.com,Female,143.213.35.198
Katleen,Normavill,knormavill4g@cbslocal.com,Female,141.174.240.186
Monika,Durrell,mdurrell4h@bluehost.com,Female,110.180.198.199
Jsandye,Bagshaw,jbagshaw4i@wufoo.com,Female,251.243.85.81
Isaiah,Worster,iworster4j@plala.or.jp,Male,21.59.25.43
Kelila,Antusch,kantusch4k@quantcast.com,Female,152.196.91.223
Daniella,Riccardi,driccardi4l@acquirethisname.com,Female,201.243.242.209
Kesley,Marchenko,kmarchenko4m@google.co.jp,Female,6.206.3.249
Dina,Overell,doverell4n@tinyurl.com,Female,72.42.238.96
Ebeneser,Stamps,estamps4o@npr.org,Male,20.146.66.100
Sterling,Veitch,sveitch4p@omniture.com,Male,188.237.238.254
Bastian,Stonman,bstonman4q@techcrunch.com,Male,150.164.41.67
Denver,Darben,ddarben4r@buzzfeed.com,Male,202.107.246.147
Ingeborg,Hanrott,ihanrott4s@dion.ne.jp,Female,102.157.129.244
Redd,Raund,rraund4t@mit.edu,Bigender,104.117.136.93
Allys,Siemantel,asiemantel4u@tumblr.com,Female,123.50.19.209
Odo,Wyvill,owyvill4v@yellowbook.com,Male,226.169.254.88
Minetta,Gile,mgile4w@guardian.co.uk,Female,251.180.124.163
Stormy,Kneesha,skneesha4x@bravesites.com,Female,187.229.110.184
Itch,Kellie,ikellie4y@techcrunch.com,Male,51.111.212.197
Donalt,Bogeys,dbogeys4z@wsj.com,Male,110.12.35.21
Dimitry,Threadgold,dthreadgold50@phpbb.com,Male,45.169.204.157
Freeland,Straun,fstraun51@ameblo.jp,Polygender,239.53.153.13
Flin,Branca,fbranca52@toplist.cz,Male,88.230.134.82
Dell,Greenard,dgreenard53@cbsnews.com,Female,253.96.165.140
Prudy,Alwen,palwen54@weather.com,Female,214.41.211.0
Putnam,Kingwell,pkingwell55@so-net.ne.jp,Male,198.28.13.162
Lorne,Blakey,lblakey56@deliciousdays.com,Male,155.118.108.85
Marlee,Couch,mcouch57@adobe.com,Female,143.97.168.230
Dex,Whordley,dwhordley58@ocn.ne.jp,Male,82.169.183.210
Rochell,Kleeborn,rkleeborn59@opensource.org,Non-binary,233.148.86.219
Vladimir,Hammerich,vhammerich5a@vkontakte.ru,Male,250.84.155.31
Teodora,Fayter,tfayter5b@lulu.com,Female,157.3.13.136
Ford,Ferran,fferran5c@apache.org,Male,112.121.166.140
Emmy,Abbots,eabbots5d@boston.com,Male,14.219.56.93
Lucho,Lankford,llankford5e@smugmug.com,Male,76.252.133.76
Roxine,Isenor,risenor5f@wikia.com,Female,196.182.50.91
Clayton,Marxsen,cmarxsen5g@wufoo.com,Male,31.42.215.94
Kelly,Trail,ktrail5h@scribd.com,Genderqueer,40.16.28.235
Bax,Oseland,boseland5i@wix.com,Agender,71.180.155.166
Alix,Strangman,astrangman5j@nydailynews.com,Female,91.195.182.244
Mordy,Harbertson,mharbertson5k@quantcast.com,Male,131.131.158.141
Constancy,Yates,cyates5l@paypal.com,Female,188.179.7.32
Holmes,Crebott,hcrebott5m@yellowbook.com,Male,21.57.30.147
Cleopatra,Willock,cwillock5n@amazon.co.uk,Female,34.22.96.84
Lolita,Dunn,ldunn5o@cornell.edu,Agender,225.251.252.173
Maximilien,Guisler,mguisler5p@angelfire.com,Male,204.168.169.66
Marika,MacDuffie,mmacduffie5q@thetimes.co.uk,Female,10.164.31.161
Grover,Skingley,gskingley5r@dyndns.org,Male,44.58.181.113
Daryle,Corrison,dcorrison5s@rakuten.co.jp,Male,150.184.169.148
Gilda,Hymus,ghymus5t@bloomberg.com,Female,96.21.75.11
Bentley,Hubane,bhubane5u@hexun.com,Male,141.230.101.219
Korella,Talboy,ktalboy5v@jiathis.com,Female,86.22.108.35
Emyle,Roath,eroath5w@samsung.com,Female,246.200.76.102
Bessie,MacFarlane,bmacfarlane5x@altervista.org,Female,176.165.198.93
Reinhold,Scantlebury,rscantlebury5y@cloudflare.com,Non-binary,249.133.146.61
Cole,Erett,cerett5z@dagondesign.com,Male,195.209.148.73
Dall,Bierton,dbierton60@buzzfeed.com,Male,181.12.50.50
Antonie,Gullifant,agullifant61@paypal.com,Female,94.215.200.246
Mychal,Jellis,mjellis62@yellowpages.com,Male,71.25.239.63
Percy,Atyeo,patyeo63@chicagotribune.com,Male,182.106.191.140
Barnard,Bailiss,bbailiss64@google.de,Male,148.206.102.228
Roderigo,Docket,rdocket65@wordpress.org,Male,10.88.40.90
Tann,Nibley,tnibley66@google.es,Male,145.9.249.175
Merrili,D'Elias,mdelias67@bluehost.com,Female,70.178.232.10
Lilllie,Verling,lverling68@mozilla.com,Female,142.182.235.150
Neil,O'Bradane,nobradane69@state.tx.us,Genderqueer,28.139.90.68
Corbet,Goggan,cgoggan6a@cam.ac.uk,Male,126.246.194.57
Quintina,Southorn,qsouthorn6b@fema.gov,Genderfluid,219.61.223.185
Timmie,Tonnesen,ttonnesen6c@eepurl.com,Male,150.27.95.133
Gerick,Ferruzzi,gferruzzi6d@com.com,Male,179.52.238.175
Kathi,Norewood,knorewood6e@sogou.com,Female,211.53.158.205
Hannie,Beldam,hbeldam6f@statcounter.com,Agender,174.145.129.160
Vanessa,Brokenshire,vbrokenshire6g@mit.edu,Female,10.124.52.192
Avictor,Vaudin,avaudin6h@newsvine.com,Male,203.119.145.196
Zed,Whittle,zwhittle6i@printfriendly.com,Male,88.150.53.108
Thurston,Kloser,tkloser6j@cdbaby.com,Male,148.187.148.177
Guendolen,Indruch,gindruch6k@altervista.org,Female,242.126.246.162
Jerrie,Dronsfield,jdronsfield6l@cpanel.net,Male,92.247.107.27
Sidonnie,Blaker,sblaker6m@ifeng.com,Female,80.41.27.216
Alec,Bickers,abickers6n@telegraph.co.uk,Male,125.171.103.11
Wolfy,Endrizzi,wendrizzi6o@psu.edu,Male,22.26.74.156
Darleen,Davenhill,ddavenhill6p@biglobe.ne.jp,Female,100.217.111.254
Lucita,Teek,lteek6q@yahoo.co.jp,Female,31.148.174.147
Hadrian,Arnolds,harnolds6r@ebay.co.uk,Male,242.191.62.10
Cal,Hullyer,chullyer6s@wordpress.org,Female,6.80.87.16
Abrahan,Piken,apiken6t@icq.com,Male,0.147.88.15
Onfre,Fears,ofears6u@sciencedirect.com,Male,114.221.65.246
Courtnay,Sanchis,csanchis6v@pinterest.com,Female,11.4.158.164
Linnea,Gaytor,lgaytor6w@reddit.com,Female,198.120.144.172
Dew,Picton,dpicton6x@over-blog.com,Male,90.41.125.23
Francisca,Bridgewood,fbridgewood6y@wunderground.com,Female,142.26.112.203
Anthe,Rodd,arodd6z@engadget.com,Genderfluid,133.86.35.150
Florance,Aitchinson,faitchinson70@merriam-webster.com,Female,238.119.18.54
Ugo,Cleeve,ucleeve71@scientificamerican.com,Male,80.169.223.114
Theo,Brierly,tbrierly72@netscape.com,Male,1.251.38.172
Sophronia,Altofts,saltofts73@phpbb.com,Female,165.179.140.227
Catarina,Vaugham,cvaugham74@ucsd.edu,Female,75.217.99.227
Rachel,De Ferraris,rdeferraris75@ucoz.com,Female,196.74.248.253
Linell,Pancoast,lpancoast76@slate.com,Female,223.186.215.221
Nannie,Norfolk,nnorfolk77@usda.gov,Female,114.136.179.220
Gabriel,Spadoni,gspadoni78@smugmug.com,Male,8.7.57.26
Tandy,Dutteridge,tdutteridge79@usgs.gov,Female,196.16.114.49
Mandel,Borzoni,mborzoni7a@unblog.fr,Male,167.207.248.223
Johnathan,Hymus,jhymus7b@wordpress.org,Male,39.114.20.53
Kittie,Sloss,ksloss7c@google.com.au,Female,166.113.136.226
Fredek,O'Flaherty,foflaherty7d@edublogs.org,Male,70.91.100.20
Reece,Karpets,rkarpets7e@yellowbook.com,Male,3.34.23.59
Veronika,Widdall,vwiddall7f@topsy.com,Female,117.0.163.137
Silvester,Appleyard,sappleyard7g@amazonaws.com,Male,70.84.68.157
Malcolm,Klich,mklich7h@nasa.gov,Male,33.216.186.176
Jamie,Orniz,jorniz7i@yandex.ru,Male,9.195.121.109
Ada,Roeby,aroeby7j@un.org,Female,47.181.117.235
Bettye,Purviss,bpurviss7k@fotki.com,Female,234.21.51.8
Pennie,O'Cannavan,pocannavan7l@mayoclinic.com,Male,177.252.17.91
Lyndsie,Bascombe,lbascombe7m@hostgator.com,Female,31.214.124.36
Gill,Gwalter,ggwalter7n@skyrock.com,Male,104.37.238.160
Harrison,Halsted,hhalsted7o@squarespace.com,Male,101.235.184.4
Fiann,Tilly,ftilly7p@fastcompany.com,Female,22.176.155.173
Ulric,Veregan,uveregan7q@hhs.gov,Male,181.72.235.215
Ella,Horney,ehorney7r@ustream.tv,Female,55.206.117.204
Buck,Davinet,bdavinet7s@imageshack.us,Male,56.230.127.162
Felita,Denney,fdenney7t@nydailynews.com,Female,8.172.141.238
Claudius,Missenden,cmissenden7u@gov.uk,Male,246.220.186.157
Charmane,Katzmann,ckatzmann7v@reverbnation.com,Female,139.76.96.46
Dona,Verrell,dverrell7w@nationalgeographic.com,Female,27.231.32.13
Lorri,Dorkins,ldorkins7x@alexa.com,Agender,143.212.5.164
Nickolas,Gavrieli,ngavrieli7y@fc2.com,Male,7.188.151.253
Barn,Dickson,bdickson7z@ca.gov,Male,247.139.178.72
Regan,Noir,rnoir80@cloudflare.com,Female,43.231.219.170
Geno,Olle,golle81@hatena.ne.jp,Male,168.154.11.56
Korey,Melsome,kmelsome82@europa.eu,Male,57.159.244.62
Wendeline,Cherry,wcherry83@kickstarter.com,Female,255.211.3.255
Dawna,Satterly,dsatterly84@nps.gov,Female,237.104.159.52
Josepha,Bickerdike,jbickerdike85@sun.com,Female,152.139.213.2
Alastair,Luddy,aluddy86@sohu.com,Male,32.105.242.186
Lexine,Pitney,lpitney87@bbc.co.uk,Polygender,106.167.119.220
Thibaud,Lockart,tlockart88@sbwire.com,Male,36.28.221.206
Sharity,Euplate,seuplate89@sohu.com,Female,34.13.251.120
Alon,Cuming,acuming8a@indiegogo.com,Male,205.108.184.5
Daveta,Shorto,dshorto8b@unc.edu,Female,231.176.216.51
Claire,Sarath,csarath8c@irs.gov,Male,119.26.212.69
Gertrude,Brogi,gbrogi8d@weather.com,Female,162.122.237.184
Charlie,Sawkin,csawkin8e@bravesites.com,Male,103.88.81.38
Tad,Prendiville,tprendiville8f@desdev.cn,Male,21.8.176.108
Dorey,Sheircliffe,dsheircliffe8g@un.org,Female,71.92.23.29
Minna,Lemmanbie,mlemmanbie8h@symantec.com,Female,153.78.106.94
Colly,Skitch,cskitch8i@mayoclinic.com,Polygender,88.214.202.196
Giovanni,Kenna,gkenna8j@yahoo.com,Male,21.4.1.169
Barde,Widocks,bwidocks8k@ebay.co.uk,Male,140.213.223.121
Myrta,Vasic,mvasic8l@nih.gov,Female,16.70.250.125
Honoria,Daw,hdaw8m@goodreads.com,Female,115.40.101.133
Kurtis,Stein,kstein8n@prnewswire.com,Male,91.160.12.110
Wright,Bassom,wbassom8o@posterous.com,Male,244.184.134.128
Claudianus,Adne,cadne8p@ehow.com,Bigender,142.188.121.71
Dolores,Bassford,dbassford8q@geocities.com,Female,205.15.148.161
Yelena,Spira,yspira8r@ucoz.ru,Female,253.127.126.243
Margalit,Idenden,midenden8s@jugem.jp,Female,10.67.133.230
Clint,Aim,caim8t@oracle.com,Bigender,115.181.37.161
Tad,de Guerre,tdeguerre8u@telegraph.co.uk,Male,127.171.65.13
Mort,Kenvin,mkenvin8v@woothemes.com,Agender,194.67.5.79
Felix,Coulbeck,fcoulbeck8w@de.vu,Male,231.146.233.253
Tomas,Gleadhall,tgleadhall8x@blogs.com,Male,176.164.149.127
Marcellina,Wrigley,mwrigley8y@cbsnews.com,Female,145.124.71.200
Verne,Poltun,vpoltun8z@japanpost.jp,Male,27.220.18.41
Reeva,Jermyn,rjermyn90@exblog.jp,Female,14.67.78.29
Anna-maria,Pealing,apealing91@oakley.com,Female,152.49.221.156
Stirling,Millier,smillier92@wikia.com,Male,100.218.115.6
Brietta,Mc Carrick,bmccarrick93@vimeo.com,Female,29.37.81.120
Shaina,Matuszynski,smatuszynski94@privacy.gov.au,Female,46.201.132.147
Lona,Ailmer,lailmer95@flickr.com,Female,138.247.174.81
Sam,Maudson,smaudson96@moonfruit.com,Agender,244.21.220.50
Zachery,Ratchford,zratchford97@microsoft.com,Male,60.117.98.103
Towney,Mawdsley,tmawdsley98@marriott.com,Male,177.76.20.65
Kare,Prandy,kprandy99@google.com.br,Female,200.206.11.255
Amelita,Twiddle,atwiddle9a@comsenz.com,Female,56.49.236.241
Marlin,Anning,manning9b@nifty.com,Male,244.113.232.246
Lemmie,Brislawn,lbrislawn9c@wordpress.com,Male,173.93.250.83
Ddene,Masserel,dmasserel9d@shop-pro.jp,Female,159.34.55.31
Emmit,Meedendorpe,emeedendorpe9e@phoca.cz,Male,33.104.195.40
Bertrand,Smaleman,bsmaleman9f@google.ca,Male,0.122.216.249
Brit,Dank,bdank9g@about.me,Female,185.146.229.170
Catharine,Yakunin,cyakunin9h@wikispaces.com,Female,178.26.234.205
Madelina,Todman,mtodman9i@mac.com,Female,87.207.91.187
Veriee,Di Angelo,vdiangelo9j@dagondesign.com,Female,124.117.253.13
Blondie,Wetherald,bwetherald9k@google.fr,Female,70.238.98.88
Carie,Leivers,cleivers9l@php.net,Female,242.136.0.104
Jermaine,LLelweln,jllelweln9m@sun.com,Male,252.73.224.180
Sarine,MacCombe,smaccombe9n@seesaa.net,Female,29.219.84.124
Berri,Oldale,boldale9o@bloomberg.com,Female,168.104.203.33
Lem,Pearlman,lpearlman9p@dion.ne.jp,Male,179.145.231.148
Clayborn,Nayshe,cnayshe9q@apple.com,Male,178.95.122.40
Celesta,Haswall,chaswall9r@howstuffworks.com,Female,148.150.92.164
Kalindi,Truman,ktruman9s@hubpages.com,Female,75.136.213.214
Valerye,Fleg,vfleg9t@webmd.com,Female,191.67.95.254
Rora,Loseke,rloseke9u@de.vu,Female,98.224.173.139
Dawna,Beincken,dbeincken9v@salon.com,Female,61.53.71.16
Jayne,Alberts,jalberts9w@tripod.com,Female,168.132.184.140
Chuck,Beales,cbeales9x@eepurl.com,Male,105.100.243.143
Karia,Wheeliker,kwheeliker9y@etsy.com,Female,159.201.42.107
Mariquilla,Rowswell,mrowswell9z@umn.edu,Female,64.10.227.87
Eddy,Lown,elowna0@imgur.com,Female,246.172.0.247
Maxy,Marti,mmartia1@webmd.com,Female,200.174.15.150
Sileas,Raubenheimer,sraubenheimera2@ning.com,Female,100.93.222.11
Mada,Seson,msesona3@barnesandnoble.com,Female,128.73.145.22
Fanchette,Scopyn,fscopyna4@ed.gov,Female,132.139.37.38
Verne,Iannazzi,viannazzia5@eepurl.com,Genderqueer,42.35.37.55
Lynnell,Heams,lheamsa6@virginia.edu,Female,247.149.148.102
Jeralee,Wiseman,jwisemana7@forbes.com,Female,241.27.2.53
Baillie,Allon,ballona8@bravesites.com,Male,192.3.166.135
Hermie,Happs,hhappsa9@ask.com,Male,77.194.109.194
Marrilee,Filipiak,mfilipiakaa@posterous.com,Female,171.227.3.27
Kane,Millbank,kmillbankab@google.de,Male,232.249.100.240
Trumaine,Brusin,tbrusinac@cbslocal.com,Male,242.219.84.245
Hector,Knuckles,hknucklesad@google.ca,Male,150.251.79.190
Claudius,Rosel,croselae@google.nl,Male,160.209.116.127
Thorny,Bartzen,tbartzenaf@technorati.com,Agender,191.72.31.248
Carlota,Colbourn,ccolbournag@globo.com,Bigender,14.47.153.14
Constantia,Basley,cbasleyah@gnu.org,Female,57.28.227.81
Theresina,Hiseman,thisemanai@mediafire.com,Female,223.24.15.49
Damaris,Tarplee,dtarpleeaj@sakura.ne.jp,Female,194.80.226.181
Loren,Headings,lheadingsak@cyberchimps.com,Female,59.48.5.125
Valle,Longega,vlongegaal@indiegogo.com,Male,43.105.77.70
Jdavie,Vigors,jvigorsam@epa.gov,Male,233.176.52.203
Cyrill,Theobald,ctheobaldan@studiopress.com,Male,11.71.107.127
Laurice,Pretsel,lpretselao@oracle.com,Female,136.146.250.23
Kevina,Ary,karyap@youtu.be,Female,48.44.192.197
Enoch,O'Fogarty,eofogartyaq@stanford.edu,Male,151.254.158.61
Dreddy,Dominick,ddominickar@cpanel.net,Female,181.106.18.202
Claiborn,McFie,cmcfieas@princeton.edu,Male,45.191.115.193
Desiri,Hitter,dhitterat@mediafire.com,Female,188.111.194.48
Ansel,Queripel,aqueripelau@wisc.edu,Male,87.170.117.25
Kalina,Izkovici,kizkoviciav@bravesites.com,Female,22.238.49.163
Anstice,Epple,aeppleaw@example.com,Female,77.36.82.138
Vivi,Cassel,vcasselax@amazon.co.jp,Female,27.51.103.41
Ronda,Irwin,rirwinay@youtu.be,Female,93.116.15.245
Dore,Morriss,dmorrissaz@pagesperso-orange.fr,Male,145.230.89.40
Jenilee,Ready,jreadyb0@biblegateway.com,Female,225.72.35.52
Jackelyn,Matresse,jmatresseb1@printfriendly.com,Female,186.198.69.232
Katine,Ames,kamesb2@wikia.com,Female,98.52.78.129
Norrie,Grimston,ngrimstonb3@gov.uk,Female,191.168.46.175
Dudley,Roddy,droddyb4@google.fr,Male,180.163.231.37
Tonie,Ocheltree,tocheltreeb5@unblog.fr,Female,239.100.14.199
Garvy,Burburough,gburburoughb6@usgs.gov,Male,223.72.140.249
Jervis,Murcott,jmurcottb7@istockphoto.com,Male,152.168.231.152
Daveen,Dericot,ddericotb8@amazon.de,Female,80.51.51.219
Lewie,Newrick,lnewrickb9@vistaprint.com,Male,64.100.81.166
Aldis,Chillistone,achillistoneba@blogspot.com,Male,76.136.233.4
Marti,Caffin,mcaffinbb@techcrunch.com,Female,48.211.157.89
Annabel,Aleveque,aalevequebc@cafepress.com,Female,61.92.156.9
Quinta,Boyce,qboycebd@phpbb.com,Bigender,133.38.13.97
Ruby,Robjohns,rrobjohnsbe@cargocollective.com,Agender,26.121.105.45
Blair,Jurn,bjurnbf@huffingtonpost.com,Female,209.220.244.3
Hyacintha,Boullen,hboullenbg@virginia.edu,Genderqueer,203.228.65.12
Andrey,McInulty,amcinultybh@epa.gov,Male,48.36.29.180
Thomasin,Caghy,tcaghybi@marriott.com,Female,39.98.16.182
Keene,Curror,kcurrorbj@home.pl,Male,88.13.158.44
Tracie,Alenin,taleninbk@reuters.com,Male,151.242.136.89
Mallissa,Fromant,mfromantbl@google.co.uk,Female,240.128.21.62
Rodolphe,Slorach,rslorachbm@cnet.com,Male,46.42.185.113
Mariann,Lillecrap,mlillecrapbn@cornell.edu,Female,76.167.10.32
Lenna,Elie,leliebo@hexun.com,Agender,187.174.138.191
Engracia,Glauber,eglauberbp@liveinternet.ru,Female,252.117.68.71
Alisha,Popelay,apopelaybq@jugem.jp,Female,126.168.120.91
Lefty,Jesteco,ljestecobr@ucoz.ru,Male,105.163.229.183
Florette,Dutson,fdutsonbs@imdb.com,Female,145.170.22.18
Gilles,Gammie,ggammiebt@google.it,Male,149.234.135.122
Klarrisa,Brandts,kbrandtsbu@last.fm,Female,6.77.88.134
Dennison,Cromblehome,dcromblehomebv@mozilla.org,Male,166.123.193.138
Trina,Summerton,tsummertonbw@canalblog.com,Female,15.90.58.40
Killy,Geleman,kgelemanbx@sitemeter.com,Male,138.63.182.120
Sigvard,Winterborne,swinterborneby@dropbox.com,Male,40.130.255.1
Scarface,Jaye,sjayebz@ycombinator.com,Male,245.247.217.68
Renard,Grishanin,rgrishaninc0@independent.co.uk,Male,175.244.53.143
Ollie,Astell,oastellc1@wiley.com,Male,38.163.157.141
Roxie,Delacour,rdelacourc2@storify.com,Female,218.190.91.84
Baron,Edmons,bedmonsc3@163.com,Male,73.101.171.228
Brynna,Earlam,bearlamc4@statcounter.com,Female,246.55.191.167
Gregor,Clilverd,gclilverdc5@ed.gov,Non-binary,73.104.46.96
Kile,Winscomb,kwinscombc6@liveinternet.ru,Male,233.104.220.171
Benita,Glennie,bglenniec7@jigsy.com,Female,171.232.65.72
Jori,Matiashvili,jmatiashvilic8@guardian.co.uk,Female,139.227.84.206
Coop,Stienton,cstientonc9@bluehost.com,Male,56.108.167.198
Vachel,Ondrus,vondrusca@wikia.com,Male,71.43.199.71
Sosanna,Terbeck,sterbeckcb@last.fm,Female,107.115.155.205
Terrie,Mouatt,tmouattcc@php.net,Female,179.142.139.52
Meyer,McCloughen,mmccloughencd@pagesperso-orange.fr,Male,11.83.181.153
Rafi,Batkin,rbatkince@plala.or.jp,Male,150.144.146.23
Gun,Alejandre,galejandrecf@psu.edu,Male,252.254.16.57
Tyson,Chasmoor,tchasmoorcg@soup.io,Male,5.197.46.187
Dunn,Lord,dlordch@java.com,Male,67.9.233.100
Star,Fallis,sfallisci@behance.net,Agender,51.22.153.100
Abbe,Tidbold,atidboldcj@e-recht24.de,Male,80.160.250.209
Lucy,Whyborn,lwhybornck@harvard.edu,Female,146.182.168.55
Trula,Thoma,tthomacl@blogs.com,Female,134.230.232.168
Alberik,Decaze,adecazecm@newyorker.com,Genderqueer,252.222.130.160
Gertrudis,Swetmore,gswetmorecn@independent.co.uk,Female,108.211.36.103
Idaline,Revett,irevettco@ibm.com,Female,90.201.83.172
Sascha,Rosini,srosinicp@gizmodo.com,Male,211.226.63.35
Jaquith,Goude,jgoudecq@themeforest.net,Female,106.248.57.134
Wileen,Spaice,wspaicecr@springer.com,Female,67.228.227.251
Pavlov,Roja,projacs@hibu.com,Male,137.198.62.109
Ramsey,O'Luney,roluneyct@nba.com,Male,137.93.144.0
Lelia,Torri,ltorricu@godaddy.com,Female,179.29.208.42
Ailbert,Mixer,amixercv@wikimedia.org,Male,174.129.149.66
Kamilah,Mattiacci,kmattiaccicw@google.com,Female,119.241.66.213
Inesita,Kent,ikentcx@facebook.com,Female,242.184.144.167
Tracie,Geraldini,tgeraldinicy@seattletimes.com,Male,86.38.147.197
Aldo,Billingsly,abillingslycz@google.cn,Male,125.220.45.105
Lauretta,Timmermann,ltimmermannd0@paypal.com,Female,65.177.64.83
Mick,Hallen,mhallend1@51.la,Male,58.199.143.5
Gregor,Adame,gadamed2@csmonitor.com,Male,242.177.178.144
Archaimbaud,Knowlton,aknowltond3@photobucket.com,Male,8.251.67.147
Gertruda,Popping,gpoppingd4@mtv.com,Female,199.45.22.147
Lalo,Birkinshaw,lbirkinshawd5@desdev.cn,Male,67.111.114.131
Michell,Pincott,mpincottd6@over-blog.com,Female,167.70.233.2
Maddy,Lamplough,mlamploughd7@angelfire.com,Female,73.182.130.42
Gal,Shapiro,gshapirod8@go.com,Male,227.182.191.44
Cheri,Pawel,cpaweld9@go.com,Female,44.153.102.179
Babette,Brankley,bbrankleyda@goodreads.com,Female,19.85.182.222
Belia,Bawme,bbawmedb@booking.com,Female,240.48.46.253
Marc,Bryning,mbryningdc@umn.edu,Male,130.140.167.39
Alis,Canedo,acanedodd@oakley.com,Female,146.213.104.15
Ario,Labb,alabbde@php.net,Male,198.10.243.42
Kinna,Leggis,kleggisdf@census.gov,Female,152.160.123.11
Carmela,Petrecz,cpetreczdg@bizjournals.com,Female,95.13.186.10
Jesus,Wentworth,jwentworthdh@guardian.co.uk,Male,103.95.144.173
Valentine,Oneill,voneilldi@imdb.com,Male,172.229.21.173
Abdul,Malone,amalonedj@arstechnica.com,Male,177.122.69.24
Nina,Trenbay,ntrenbaydk@squarespace.com,Female,175.11.147.118
Esmeralda,ducarme,educarmedl@myspace.com,Agender,50.16.45.41
Shari,Cragell,scragelldm@purevolume.com,Female,201.217.51.17
Meghan,Matts,mmattsdn@github.com,Female,1.128.173.160
Arluene,Claxson,aclaxsondo@hc360.com,Female,59.212.172.219
Elwin,Ansell,eanselldp@soundcloud.com,Male,125.5.228.130
Cull,Crosgrove,ccrosgrovedq@statcounter.com,Male,105.71.96.54
Garrot,Embling,gemblingdr@china.com.cn,Male,103.78.44.90
Martynne,Eronie,meronieds@ebay.com,Female,219.168.101.205
Christoph,Norfolk,cnorfolkdt@nydailynews.com,Genderqueer,181.247.42.76
Mattie,Dibson,mdibsondu@arizona.edu,Female,204.166.118.58
Lois,Carrick,lcarrickdv@who.int,Female,61.166.179.174
Kaleb,Leithgoe,kleithgoedw@storify.com,Male,213.234.140.103
Valenka,Fishbie,vfishbiedx@sina.com.cn,Female,17.195.63.78
Evy,Laverenz,elaverenzdy@pbs.org,Female,222.64.214.15
Kalvin,Havercroft,khavercroftdz@cpanel.net,Male,152.246.243.113
Baxter,Dawbery,bdawberye0@purevolume.com,Male,35.124.154.221
Sheeree,Ferrieroi,sferrieroie1@bloglovin.com,Non-binary,45.176.149.255
Curcio,Toope,ctoopee2@usa.gov,Bigender,73.147.33.174
Shir,Castane,scastanee3@buzzfeed.com,Non-binary,250.202.200.164
Nil,Slator,nslatore4@ed.gov,Male,67.104.96.65
Minnaminnie,Shackleton,mshackletone5@a8.net,Female,159.122.36.83
Tova,Purtell,tpurtelle6@hugedomains.com,Bigender,223.238.46.109
Annecorinne,Kelleher,akellehere7@free.fr,Female,44.43.58.29
Virgil,Fidler,vfidlere8@deviantart.com,Male,49.129.157.67
Sax,McCreedy,smccreedye9@bandcamp.com,Male,177.35.36.161
Dinah,Cooley,dcooleyea@lycos.com,Female,193.177.130.18
Patton,Tante,ptanteeb@barnesandnoble.com,Male,222.191.159.85
Ezmeralda,Winnister,ewinnisterec@microsoft.com,Female,243.38.32.236
Chev,Rapi,crapied@w3.org,Male,38.169.137.136
Maritsa,Dudgeon,mdudgeonee@clickbank.net,Female,92.84.234.100
Michaeline,Rochelle,mrochelleef@dion.ne.jp,Female,1.58.30.45
Donnajean,Winterborne,dwinterborneeg@senate.gov,Female,235.144.76.83
Prentice,Vosper,pvospereh@woothemes.com,Male,160.19.241.167
Elias,Whitsey,ewhitseyei@google.pl,Non-binary,209.16.106.7
Lyndsay,Copas,lcopasej@plala.or.jp,Female,239.138.235.78
Jaquelyn,Spanton,jspantonek@newsvine.com,Female,249.97.242.212
Urbanus,Whistance,uwhistanceel@g.co,Male,43.57.42.73
Kent,Hoyles,khoylesem@dyndns.org,Male,81.177.200.198
Fabio,Selly,fsellyen@theglobeandmail.com,Male,58.224.88.88
Gerta,Tomaini,gtomainieo@quantcast.com,Female,92.116.28.255
Tomas,Benedite,tbenediteep@jiathis.com,Male,103.67.136.195
Madelin,Eglington,meglingtoneq@cafepress.com,Female,185.46.136.19
Joice,Molines,jmolineser@exblog.jp,Female,121.75.153.145
Isadore,Felder,ifelderes@cdc.gov,Agender,145.205.40.231
Willdon,Dayly,wdaylyet@exblog.jp,Male,88.93.89.249
Davie,Leitche,dleitcheeu@infoseek.co.jp,Male,101.65.176.163
Elnore,Sarfas,esarfasev@cbslocal.com,Female,218.249.235.90
Jemmy,Hulatt,jhulattew@vistaprint.com,Female,123.156.117.6
Giovanni,Cicci,gcicciex@123-reg.co.uk,Male,46.106.230.135
Werner,Sibthorp,wsibthorpey@twitpic.com,Male,82.196.155.175
Delcine,Gissing,dgissingez@wikipedia.org,Female,111.159.219.129
Taddeusz,Seak,tseakf0@fotki.com,Male,27.250.213.157
Lyn,Pegler,lpeglerf1@google.com,Male,24.149.156.152
Northrup,Powdrill,npowdrillf2@prnewswire.com,Bigender,85.26.244.3
Demetra,Rosendorf,drosendorff3@goo.ne.jp,Genderfluid,32.53.57.127
Dehlia,Tuffs,dtuffsf4@geocities.jp,Female,11.153.198.57
Marchall,Barkworth,mbarkworthf5@weebly.com,Male,47.135.198.64
Frasco,Usherwood,fusherwoodf6@archive.org,Male,2.119.219.220
Jammal,Marushak,jmarushakf7@tripod.com,Male,81.99.255.65
Feliks,Ambrogioni,fambrogionif8@fda.gov,Male,165.0.151.228
Crysta,Ianitti,cianittif9@domainmarket.com,Female,15.251.134.40
Marlene,Longfut,mlongfutfa@tinyurl.com,Female,106.95.57.157
Olivero,Battleson,obattlesonfb@dagondesign.com,Agender,183.12.7.71
Mitchell,Gisbye,mgisbyefc@chronoengine.com,Male,191.91.163.236
Buddie,Ferrolli,bferrollifd@edublogs.org,Male,205.254.215.232
Bale,Troup,btroupfe@army.mil,Male,155.151.180.111
Hildy,Derby,hderbyff@parallels.com,Female,168.44.204.11
Sigfrid,Fancet,sfancetfg@telegraph.co.uk,Male,249.182.184.166
Wiley,Wheeliker,wwheelikerfh@comsenz.com,Male,156.46.208.153
Yetty,Di Nisco,ydiniscofi@salon.com,Female,240.81.166.243
Lucita,Baud,lbaudfj@nba.com,Female,70.30.208.224
Stefanie,Alty,saltyfk@cpanel.net,Female,101.82.80.118
Jemmie,Yellowlea,jyellowleafl@delicious.com,Female,130.79.179.100
Antonius,Behnecken,abehneckenfm@purevolume.com,Male,100.219.255.12
Roselia,McCathie,rmccathiefn@mapy.cz,Female,183.211.30.49
Hazel,Henrot,hhenrotfo@apple.com,Male,248.218.200.234
Thatcher,Gaspero,tgasperofp@pinterest.com,Male,51.230.11.136
Lionel,McOwen,lmcowenfq@ebay.com,Male,221.86.250.212
Kellen,Lackinton,klackintonfr@friendfeed.com,Female,157.161.131.161
Vinny,Colby,vcolbyfs@photobucket.com,Male,109.188.132.187
Stacy,Strutz,sstrutzft@indiatimes.com,Polygender,26.95.217.227
Channa,Trounson,ctrounsonfu@arizona.edu,Female,217.222.104.171
Lisetta,Sagg,lsaggfv@nbcnews.com,Female,148.188.220.58
Raye,Alvarez,ralvarezfw@clickbank.net,Female,191.93.227.111
Paulo,Kundert,pkundertfx@mediafire.com,Male,190.96.128.63
Hendrik,Klaaassen,hklaaassenfy@aol.com,Male,2.84.239.193
Melisande,Jeduch,mjeduchfz@alibaba.com,Female,171.162.72.84
Malcolm,Heathcoat,mheathcoatg0@g.co,Male,9.1.41.95
Alika,Shord,ashordg1@unesco.org,Female,125.109.187.124
Cary,Steventon,csteventong2@dmoz.org,Female,194.238.159.70
Pammy,Neljes,pneljesg3@techcrunch.com,Female,44.224.3.235
Allayne,Bril,abrilg4@wikia.com,Male,252.21.155.20
Kacie,Maynell,kmaynellg5@vistaprint.com,Female,9.165.67.72
Germain,Fiddy,gfiddyg6@geocities.com,Male,165.91.17.214
Inigo,Wallsworth,iwallsworthg7@alibaba.com,Male,95.245.34.40
Mohandis,Grob,mgrobg8@mediafire.com,Male,103.164.112.244
Inger,Waldrum,iwaldrumg9@wikimedia.org,Agender,149.177.7.175
Ryon,Bursnoll,rbursnollga@fema.gov,Male,156.31.191.216
Tommy,MacKaile,tmackailegb@wsj.com,Male,30.36.3.142
Alexandr,Dodamead,adodameadgc@uol.com.br,Male,178.177.84.165
Carlin,Breakspear,cbreakspeargd@networksolutions.com,Female,50.237.232.176
Waldo,Gibbieson,wgibbiesonge@ucoz.ru,Non-binary,204.98.214.211
Mercedes,Richford,mrichfordgf@privacy.gov.au,Bigender,183.211.110.6
Blondell,Forrest,bforrestgg@google.de,Female,106.43.61.163
Chickie,Lowder,clowdergh@sitemeter.com,Male,112.244.163.125
Wakefield,Lownes,wlownesgi@pcworld.com,Male,228.34.67.153
Esdras,East,eeastgj@de.vu,Male,168.71.25.136
Arni,Redmille,aredmillegk@tamu.edu,Male,75.4.16.184
Erl,Partlett,epartlettgl@arizona.edu,Male,247.104.136.166
Dougy,Whylie,dwhyliegm@is.gd,Male,235.245.66.235
Zebedee,Cheng,zchenggn@va.gov,Male,19.164.2.150
Townie,Jerrans,tjerransgo@usatoday.com,Male,79.229.137.16
Wesley,Kirdsch,wkirdschgp@netlog.com,Male,126.190.82.225
Bryana,Benezeit,bbenezeitgq@xing.com,Female,91.149.135.30
Arlina,Peinke,apeinkegr@uiuc.edu,Bigender,142.123.119.168
Alvina,Rizzardini,arizzardinigs@feedburner.com,Female,63.54.92.16
Dougy,Carse,dcarsegt@mozilla.com,Male,254.225.247.12
Nomi,Calf,ncalfgu@yahoo.co.jp,Female,247.62.137.180
Hannie,Atack,hatackgv@desdev.cn,Female,178.246.163.82
Lucky,Glazer,lglazergw@nbcnews.com,Female,132.78.102.247
Chadd,Dimont,cdimontgx@bluehost.com,Male,118.169.23.4
Stern,Clewett,sclewettgy@house.gov,Male,251.247.78.119
Felicio,Focke,ffockegz@latimes.com,Male,10.95.246.228
Jennilee,Francello,jfrancelloh0@google.co.jp,Bigender,207.63.138.233
Dominik,Thorius,dthoriush1@businessweek.com,Agender,41.147.139.24
Sid,Pevreal,spevrealh2@epa.gov,Male,53.163.186.46
Garrot,Winborn,gwinbornh3@engadget.com,Bigender,110.238.34.213
Northrup,Echalier,nechalierh4@chronoengine.com,Male,187.118.159.37
Crysta,Beche,cbecheh5@dedecms.com,Female,54.61.113.85
Arly,Davenhill,adavenhillh6@businessinsider.com,Female,64.111.216.167
Cloris,Oxton,coxtonh7@spotify.com,Female,205.182.47.0
Mina,Korejs,mkorejsh8@ycombinator.com,Agender,101.238.42.146
Alexandro,Janeway,ajanewayh9@yolasite.com,Male,243.167.135.134
Ignatius,Curcher,icurcherha@csmonitor.com,Male,11.181.219.103
Inglis,Sabbins,isabbinshb@tmall.com,Male,7.219.54.119
Niko,Tockell,ntockellhc@google.com.hk,Male,219.216.231.198
Sergei,Pattinson,spattinsonhd@cnn.com,Male,105.173.217.209
Astra,Sambrook,asambrookhe@mozilla.org,Female,13.243.112.97
Mae,Lawling,mlawlinghf@addtoany.com,Female,105.113.190.59
Marc,Murthwaite,mmurthwaitehg@go.com,Male,84.148.19.90
Legra,Bayliss,lbaylisshh@wikispaces.com,Female,246.75.74.152
Mercie,Durran,mdurranhi@ibm.com,Female,216.219.252.161
Beatriz,Degoy,bdegoyhj@booking.com,Genderfluid,197.69.36.130
Candie,Glendenning,cglendenninghk@oaic.gov.au,Female,66.61.229.151
Lanie,Clutheram,lclutheramhl@upenn.edu,Female,27.94.94.84
Linea,Gemmell,lgemmellhm@sfgate.com,Bigender,191.27.165.101
Yale,Lope,ylopehn@prnewswire.com,Male,47.72.78.174
Lulita,Flack,lflackho@webmd.com,Female,2.176.156.171
El,Macieiczyk,emacieiczykhp@usgs.gov,Male,63.5.17.91
Niccolo,Sillick,nsillickhq@thetimes.co.uk,Male,223.58.1.204
Prentiss,Studholme,pstudholmehr@yale.edu,Male,78.72.158.191
Petrina,Fritz,pfritzhs@answers.com,Female,100.31.231.106
Iris,Follen,ifollenht@miitbeian.gov.cn,Agender,46.120.178.250
Trenna,Franciotti,tfranciottihu@wired.com,Female,106.198.224.216
Bert,Pattenden,bpattendenhv@devhub.com,Genderqueer,158.79.109.214
Alene,Eloy,aeloyhw@un.org,Female,25.146.246.148
Russell,Orhtmann,rorhtmannhx@mtv.com,Male,61.159.243.86
Rozina,Simonyi,rsimonyihy@aol.com,Female,250.42.99.65
Sander,Geeraert,sgeeraerthz@telegraph.co.uk,Male,247.182.161.87
Jackelyn,Klimecki,jklimeckii0@disqus.com,Genderqueer,153.33.183.4
Pyotr,Keary,pkearyi1@nytimes.com,Male,76.21.196.57
Blinni,Martinez,bmartinezi2@prlog.org,Female,41.106.159.250
Rutherford,Defrain,rdefraini3@cornell.edu,Male,232.103.48.211
Aviva,Rippingale,arippingalei4@baidu.com,Female,69.1.10.102
Ashlee,Kainz,akainzi5@jugem.jp,Female,169.147.57.145
Anabel,Shatliff,ashatliffi6@cnn.com,Female,144.22.9.65
Thor,Hazeltine,thazeltinei7@about.com,Male,208.109.32.69
Edsel,Ibbeson,eibbesoni8@redcross.org,Male,227.18.95.46
Scarlet,Ellum,sellumi9@slate.com,Female,86.55.231.32
Wini,Wilsone,wwilsoneia@is.gd,Female,199.37.124.255
Ibrahim,Durbyn,idurbynib@utexas.edu,Male,169.75.35.137
Antonius,Maffione,amaffioneic@elegantthemes.com,Male,168.15.77.180
Theodosia,Woltman,twoltmanid@artisteer.com,Genderqueer,55.103.45.68
Fae,Lane,flaneie@people.com.cn,Female,168.151.7.215
Yuri,Jimmison,yjimmisonif@sitemeter.com,Male,32.82.88.211
Aubrey,Hallett,ahallettig@loc.gov,Male,2.124.42.10
Dorie,Maddigan,dmaddiganih@berkeley.edu,Genderfluid,184.150.240.167
Sibilla,Maffin,smaffinii@hatena.ne.jp,Female,218.150.4.121
Barret,Kneeshaw,bkneeshawij@purevolume.com,Male,198.30.15.91
Edeline,Leece,eleeceik@wordpress.com,Female,96.142.240.163
Athene,Koop,akoopil@eventbrite.com,Female,125.211.160.43
Berrie,Sapsford,bsapsfordim@alexa.com,Female,13.215.13.206
Liva,Maciunas,lmaciunasin@stanford.edu,Female,233.148.125.63
Tobit,Inett,tinettio@nytimes.com,Bigender,110.69.175.128
Rina,Duffitt,rduffittip@sciencedirect.com,Female,63.173.24.225
Burk,Forrester,bforresteriq@purevolume.com,Male,204.27.110.240
Shoshanna,Lindenberg,slindenbergir@ocn.ne.jp,Female,231.204.159.52
Rebekkah,Weekley,rweekleyis@oaic.gov.au,Genderqueer,28.126.200.66
Corbie,Pawelek,cpawelekit@oakley.com,Male,195.11.58.47
Theobald,Gisbye,tgisbyeiu@hp.com,Male,49.176.98.219
Bjorn,Robrow,brobrowiv@free.fr,Male,143.69.238.227
Dotti,Petkens,dpetkensiw@cnbc.com,Non-binary,77.108.25.96
Sarina,Duran,sduranix@desdev.cn,Female,68.15.224.199
Seumas,Staniland,sstanilandiy@sina.com.cn,Male,167.102.129.122
Jory,Franzman,jfranzmaniz@washington.edu,Male,8.38.84.118
Kerwinn,McCulley,kmcculleyj0@wix.com,Male,95.212.11.41
Cariotta,Skamal,cskamalj1@github.com,Female,106.4.71.165
Belle,Westbury,bwestburyj2@livejournal.com,Female,27.223.133.122
Dennie,McIvor,dmcivorj3@macromedia.com,Agender,131.92.3.141
Keenan,Brymham,kbrymhamj4@lycos.com,Male,213.223.85.182
Nerta,Cornely,ncornelyj5@sbwire.com,Female,185.180.245.251
Bobbe,Worsley,bworsleyj6@google.ca,Female,116.181.87.15
Domini,Wickenden,dwickendenj7@weibo.com,Female,252.99.250.221
Wallis,Orgen,worgenj8@addtoany.com,Female,199.191.109.121
Tarrah,Nicklin,tnicklinj9@newsvine.com,Female,133.163.226.237
Marjorie,Whitelock,mwhitelockja@vinaora.com,Female,123.83.91.3
Mandel,Sjollema,msjollemajb@oracle.com,Male,111.200.58.202
Sax,Edwins,sedwinsjc@quantcast.com,Male,78.204.180.11
Alberto,Wolverson,awolversonjd@dedecms.com,Bigender,127.92.158.172
Jarrad,Yosifov,jyosifovje@gnu.org,Male,241.163.185.30
Deb,Boundley,dboundleyjf@latimes.com,Female,173.131.195.242
Halimeda,Armitage,harmitagejg@over-blog.com,Female,81.247.116.33
Reeba,Vigours,rvigoursjh@google.nl,Genderqueer,133.92.23.209
Alexandra,Minigo,aminigoji@wisc.edu,Female,72.31.71.49
Dyan,Zecchi,dzecchijj@canalblog.com,Female,193.151.204.93
Conrad,Feavers,cfeaversjk@salon.com,Genderfluid,42.127.19.92
Giacinta,Tunbridge,gtunbridgejl@networksolutions.com,Female,60.120.177.69
Bell,Hein,bheinjm@icio.us,Female,17.128.220.92
Sigmund,Frid,sfridjn@homestead.com,Male,60.0.243.194
Lenora,Stitt,lstittjo@baidu.com,Female,200.244.191.22
Maurits,Dunderdale,mdunderdalejp@desdev.cn,Male,252.24.134.119
Ravid,McGeneay,rmcgeneayjq@businessweek.com,Male,231.39.218.183
Bill,Stigell,bstigelljr@dropbox.com,Female,203.225.146.202
Erminia,Agostini,eagostinijs@scientificamerican.com,Genderqueer,174.154.141.140
Wendel,Britch,wbritchjt@myspace.com,Male,244.206.212.10
Aymer,Rymour,arymourju@wikimedia.org,Male,74.71.190.152
Simeon,Poltun,spoltunjv@odnoklassniki.ru,Male,247.210.218.30
Lanna,Hearse,lhearsejw@cbsnews.com,Female,132.59.208.110
Kaleena,Tanfield,ktanfieldjx@vimeo.com,Female,218.0.161.61
Ximenez,Worts,xwortsjy@mail.ru,Male,159.185.208.227
Adan,Eggleton,aeggletonjz@gmpg.org,Male,168.117.33.139
Meridith,Cottu,mcottuk0@chronoengine.com,Female,72.187.133.62
Cyrillus,Skelhorn,cskelhornk1@dropbox.com,Male,61.123.6.58
Bessy,Tuke,btukek2@auda.org.au,Female,196.33.124.106
Sandy,McLeman,smclemank3@csmonitor.com,Female,23.234.101.246
Thomasa,Wellan,twellank4@amazon.co.uk,Female,72.192.61.152
Hamish,Philipart,hphilipartk5@bbb.org,Male,101.239.253.225
Jerri,Rogister,jrogisterk6@admin.ch,Male,144.16.168.240
Constancia,Stallwood,cstallwoodk7@webmd.com,Female,76.167.122.253
Jamie,Bamlett,jbamlettk8@soundcloud.com,Male,210.98.206.54
Amargo,Garrould,agarrouldk9@boston.com,Female,205.136.173.239
Di,Rockwell,drockwellka@cisco.com,Female,239.12.211.221
Irina,Weeds,iweedskb@huffingtonpost.com,Female,240.188.223.224
Lyn,Peidro,lpeidrokc@fc2.com,Female,53.251.199.58
Jorie,Plues,jplueskd@springer.com,Female,173.38.68.58
Orsa,Bartoleyn,obartoleynke@oakley.com,Agender,177.253.104.215
Darda,Prichet,dprichetkf@independent.co.uk,Female,94.43.103.224
Ondrea,Hattiff,ohattiffkg@discovery.com,Female,176.255.143.212
Forster,Bernardeau,fbernardeaukh@telegraph.co.uk,Male,249.137.65.200
Natasha,Edmundson,nedmundsonki@aol.com,Female,81.5.64.140
Tucker,Broker,tbrokerkj@lulu.com,Male,111.12.22.44
Jeana,Coston,jcostonkk@abc.net.au,Female,71.233.113.51
Loydie,Sperling,lsperlingkl@google.fr,Male,45.80.232.250
Barty,Ghidotti,bghidottikm@blogspot.com,Male,155.159.54.44
Spike,Drewett,sdrewettkn@1und1.de,Male,166.68.97.63
Tallou,Tick,ttickko@tuttocitta.it,Female,183.96.200.155
Didi,Adrianello,dadrianellokp@smugmug.com,Female,7.50.89.33
Elyn,Muzzullo,emuzzullokq@nymag.com,Female,211.133.247.41
Christian,Robel,crobelkr@pbs.org,Female,181.108.61.38
Pen,Yarham,pyarhamks@php.net,Male,244.132.219.34
Reuben,Kubicki,rkubickikt@clickbank.net,Male,36.241.146.15
Liam,Mattek,lmattekku@deviantart.com,Male,76.81.85.183
Wilhelmina,Philpin,wphilpinkv@bloglovin.com,Female,226.75.16.197
Dill,Gytesham,dgyteshamkw@ovh.net,Male,11.218.108.193
Lalo,Juszczak,ljuszczakkx@cloudflare.com,Male,238.254.118.140
Rossy,Holtham,rholthamky@blinklist.com,Male,170.246.184.110
Burch,Boldecke,bboldeckekz@is.gd,Male,5.152.89.106
Ryon,Lissandrini,rlissandrinil0@trellian.com,Male,244.158.90.210
Norry,Mollett,nmollettl1@pagesperso-orange.fr,Female,150.188.94.97
Denise,Bilofsky,dbilofskyl2@archive.org,Genderfluid,246.111.28.158
Eldin,Sexstone,esexstonel3@typepad.com,Male,188.198.169.128
Howard,Arkle,harklel4@cdbaby.com,Genderqueer,243.206.83.51
Giuseppe,Gaitung,ggaitungl5@umich.edu,Agender,78.209.83.177
Perren,Robley,probleyl6@booking.com,Male,236.103.124.144
Pauly,Maddern,pmaddernl7@slashdot.org,Female,248.152.9.7
Vasily,Batterson,vbattersonl8@shareasale.com,Male,118.201.41.44
Coop,Millwater,cmillwaterl9@slideshare.net,Polygender,53.66.82.116
Killian,Davidovicz,kdavidoviczla@livejournal.com,Male,94.204.81.143
Gusella,Halward,ghalwardlb@technorati.com,Female,71.187.124.232
Rafi,Breche,rbrechelc@uol.com.br,Male,144.36.48.109
Robbie,Riste,rristeld@digg.com,Male,94.222.16.53
Eldredge,Cathesyed,ecathesyedle@nydailynews.com,Male,135.244.94.235
Zed,O'Grogane,zogroganelf@nationalgeographic.com,Male,142.202.73.255
Haily,Staziker,hstazikerlg@behance.net,Male,125.93.182.238
Rosene,Malec,rmaleclh@jigsy.com,Genderqueer,82.48.124.166
Joletta,Grzeskowski,jgrzeskowskili@cbsnews.com,Female,26.13.26.222
Fredia,Edgehill,fedgehilllj@google.com.br,Female,192.241.120.92
Hayward,McGeagh,hmcgeaghlk@yale.edu,Polygender,28.208.208.205
Esteban,Blazic,eblazicll@irs.gov,Genderfluid,73.59.0.0
Loleta,Stringer,lstringerlm@tripadvisor.com,Female,148.96.18.206
Hertha,Webben,hwebbenln@ebay.co.uk,Genderfluid,94.213.159.26
Eran,Muddimer,emuddimerlo@woothemes.com,Female,40.105.107.39
Vernice,O'Dowling,vodowlinglp@baidu.com,Female,9.185.154.148
Tiphani,Boosey,tbooseylq@nps.gov,Female,218.202.168.149
Elita,Chalfont,echalfontlr@abc.net.au,Female,78.45.119.136
Leonelle,Reddle,lreddlels@discuz.net,Female,51.202.252.31
Kyle,Chadwin,kchadwinlt@sakura.ne.jp,Male,17.24.29.251
Wilhelm,Garrood,wgarroodlu@cbsnews.com,Male,102.147.72.34
Leora,Tebbe,ltebbelv@bbb.org,Female,241.105.122.31
Rivalee,Tebbet,rtebbetlw@phoca.cz,Genderqueer,182.230.35.58
Bette,Denford,bdenfordlx@bloglovin.com,Female,35.189.206.241
Marylinda,Hanhart,mhanhartly@jiathis.com,Polygender,121.44.191.175
Guglielmo,Beswetherick,gbeswethericklz@microsoft.com,Male,252.92.85.199
Elihu,Maton,ematonm0@bizjournals.com,Male,88.1.216.54
Oona,Schneidau,oschneidaum1@fda.gov,Female,100.24.209.107
Deborah,Hearsum,dhearsumm2@yahoo.co.jp,Female,174.32.231.149
Fowler,Chestnut,fchestnutm3@free.fr,Male,93.198.14.51
Maison,Lovelady,mloveladym4@free.fr,Male,25.133.112.103
Davie,Trineman,dtrinemanm5@ibm.com,Male,15.2.236.38
Dredi,Waddoups,dwaddoupsm6@g.co,Female,221.174.144.57
Yorker,Plumer,yplumerm7@nbcnews.com,Male,65.82.249.190
Lynna,Shear,lshearm8@163.com,Female,158.8.196.196
Blakeley,Barnshaw,bbarnshawm9@canalblog.com,Female,78.134.212.153
Corri,Gallemore,cgallemorema@goo.gl,Polygender,26.141.183.212
Nady,Weatherdon,nweatherdonmb@virginia.edu,Female,58.80.1.201
Shaylyn,Lotze,slotzemc@uol.com.br,Female,248.6.68.122
Antonino,Lautie,alautiemd@bandcamp.com,Male,177.79.242.28
Vally,Surtees,vsurteesme@nytimes.com,Female,187.229.58.56
Kalindi,Noriega,knoriegamf@fastcompany.com,Female,193.100.168.111
Mirella,Jarrard,mjarrardmg@ed.gov,Female,219.35.174.112
Aindrea,Hayworth,ahayworthmh@cbsnews.com,Female,119.150.107.11
Deina,Pipes,dpipesmi@cornell.edu,Female,202.49.255.58
Fidel,Pluthero,fplutheromj@ucla.edu,Male,230.132.180.26
Biron,Cristobal,bcristobalmk@1und1.de,Male,26.241.175.10
Tildy,Mazzeo,tmazzeoml@domainmarket.com,Female,205.218.47.126
Valentin,McSherry,vmcsherrymm@chron.com,Male,80.64.79.211
Margalit,Mouatt,mmouattmn@instagram.com,Female,191.231.194.39
Tyrone,Crawforth,tcrawforthmo@youtube.com,Male,207.101.98.61
Gerhard,Sails,gsailsmp@4shared.com,Male,5.167.183.223
Flore,Rous,frousmq@opera.com,Female,15.184.40.190
Toby,Bonnaire,tbonnairemr@plala.or.jp,Male,20.50.214.12
Yasmin,Montez,ymontezms@imdb.com,Female,208.8.101.230
Siegfried,Sutworth,ssutworthmt@marriott.com,Male,13.187.229.202
Worthington,Cluney,wcluneymu@google.com,Male,203.219.129.167
Mohandas,McQuilliam,mmcquilliammv@live.com,Male,163.228.93.21
Isis,Pyott,ipyottmw@hatena.ne.jp,Polygender,138.82.56.203
Oran,Bedenham,obedenhammx@cloudflare.com,Male,139.67.132.178
Marvin,Cathesyed,mcathesyedmy@dropbox.com,Male,207.64.88.46
Katrine,Ludwig,kludwigmz@reverbnation.com,Female,78.199.78.230
Amy,Rabbe,arabben0@engadget.com,Female,176.75.22.188
Linzy,Luxon,lluxonn1@newsvine.com,Female,87.26.63.104
Gene,Becraft,gbecraftn2@princeton.edu,Agender,56.250.142.180
Farah,Ruppert,fruppertn3@home.pl,Female,58.164.71.16
Steffen,Hackney,shackneyn4@csmonitor.com,Agender,208.166.60.228
Ketty,Lutwyche,klutwychen5@earthlink.net,Female,127.239.17.21
Cliff,Colquyte,ccolquyten6@bbb.org,Male,20.230.81.190
Gusti,Vivyan,gvivyann7@discuz.net,Female,169.36.9.7
Hendrik,Joynes,hjoynesn8@ow.ly,Male,176.213.135.216
Locke,Dorward,ldorwardn9@harvard.edu,Male,93.197.139.80
Melania,Brittin,mbrittinna@wsj.com,Female,173.44.75.50
Charity,Bortolazzi,cbortolazzinb@china.com.cn,Female,98.97.143.208
Cornelius,Sandle,csandlenc@wikia.com,Male,80.97.103.231
Roby,Jonathon,rjonathonnd@artisteer.com,Female,230.225.20.225
Melissa,Cuppleditch,mcuppleditchne@icio.us,Female,19.191.36.250
Byran,Alexandersen,balexandersennf@mapquest.com,Male,54.190.255.30
Leon,Dixcee,ldixceeng@buzzfeed.com,Male,226.161.79.111
Courtenay,Exeter,cexeternh@jugem.jp,Female,166.235.29.13
Deedee,Gilyott,dgilyottni@cnet.com,Non-binary,4.71.81.35
Dinah,Cheater,dcheaternj@topsy.com,Female,245.190.52.22
Emile,Killoran,ekillorannk@fotki.com,Male,244.130.112.226
Nikoletta,Konneke,nkonnekenl@yolasite.com,Polygender,18.189.224.142
Anya,Cohan,acohannm@upenn.edu,Female,154.49.63.128
Dyanna,Gorwood,dgorwoodnn@themeforest.net,Female,215.106.189.65
Glyn,Gronauer,ggronauerno@networkadvertising.org,Male,161.137.74.165
Ignace,Molesworth,imolesworthnp@si.edu,Male,188.9.196.242
Stefanie,Avesque,savesquenq@ca.gov,Female,245.59.15.163
Thacher,Lennarde,tlennardenr@topsy.com,Male,52.68.14.232
Randy,Ducroe,rducroens@slate.com,Male,76.68.197.105
Kliment,Josofovitz,kjosofovitznt@netvibes.com,Male,60.213.61.118
Yoshi,Peron,yperonnu@alexa.com,Female,31.73.159.6
Eugenius,Hilhouse,ehilhousenv@over-blog.com,Male,128.123.76.60
Jo ann,Wynes,jwynesnw@cbc.ca,Female,91.106.95.20
Ilse,Quinane,iquinanenx@bloomberg.com,Female,144.172.144.158
Ricky,Raisher,rraisherny@hatena.ne.jp,Male,111.71.187.52
Pepe,Fabri,pfabrinz@theglobeandmail.com,Male,190.184.63.207
Lurette,Oakeby,loakebyo0@a8.net,Female,19.48.129.34
Harrietta,Mariolle,hmariolleo1@cornell.edu,Female,222.213.21.78
Patin,Knights,pknightso2@nasa.gov,Male,29.248.192.92
Solly,Blanchflower,sblanchflowero3@state.gov,Male,39.79.10.206
Deni,Reichhardt,dreichhardto4@amazon.co.uk,Female,245.36.118.32
Holmes,Tungate,htungateo5@dedecms.com,Male,46.146.38.192
Mendie,Bernardoux,mbernardouxo6@who.int,Male,207.173.118.32
Storm,Blazey,sblazeyo7@yahoo.com,Female,25.207.212.132
Carlotta,Bannerman,cbannermano8@dagondesign.com,Female,102.218.123.173
Wolfy,Hritzko,whritzkoo9@aboutads.info,Genderfluid,77.66.125.21
Haily,O'Grada,hogradaoa@independent.co.uk,Male,139.5.103.73
Madelle,Stembridge,mstembridgeob@flavors.me,Female,253.103.77.168
Mathew,Cooper,mcooperoc@livejournal.com,Male,25.46.171.133
Billi,Haugeh,bhaugehod@gnu.org,Female,236.121.127.239
Myrna,Vamplus,mvamplusoe@ca.gov,Female,30.175.18.112
Tania,Golborne,tgolborneof@oracle.com,Female,97.2.252.130
Rustie,Hayball,rhayballog@marriott.com,Male,69.38.79.235
Myles,Cranmor,mcranmoroh@mlb.com,Male,41.244.50.98
Fania,Josefovic,fjosefovicoi@miibeian.gov.cn,Female,57.67.248.249
Jobi,Possell,jposselloj@hhs.gov,Female,151.195.143.188
Kaia,Ilett,kilettok@nyu.edu,Female,104.231.151.47
Scottie,Scud,sscudol@illinois.edu,Male,203.234.108.35
Fulvia,Hellin,fhellinom@typepad.com,Non-binary,82.23.178.252
Vanny,Hallan,vhallanon@weibo.com,Female,56.42.142.222
Maybelle,Caughte,mcaughteoo@apache.org,Female,226.138.150.61
Gage,Jobbings,gjobbingsop@uol.com.br,Male,200.233.5.140
Lamond,Heugle,lheugleoq@youtu.be,Male,84.188.43.122
Stefano,Lerhinan,slerhinanor@cmu.edu,Male,34.16.102.58
Dianne,Milward,dmilwardos@samsung.com,Female,79.186.92.93
Thorin,Dayne,tdayneot@smugmug.com,Male,230.137.8.110
Lanni,Stygall,lstygallou@mlb.com,Female,147.132.196.30
Riane,Campbell-Dunlop,rcampbelldunlopov@furl.net,Female,249.111.146.195
Quent,Romeril,qromerilow@yolasite.com,Male,34.206.151.56
Langston,Tafani,ltafaniox@printfriendly.com,Male,35.127.131.17
Mureil,Pirt,mpirtoy@bigcartel.com,Female,188.161.119.196
Tynan,Brunini,tbruninioz@cdc.gov,Male,98.101.253.36
Holly-anne,Klampt,hklamptp0@ezinearticles.com,Female,4.49.173.213
Devlin,Menpes,dmenpesp1@liveinternet.ru,Male,29.37.163.103
Bettine,Cary,bcaryp2@google.com.hk,Female,93.244.241.31
Mahmoud,McGuffog,mmcguffogp3@sphinn.com,Male,143.0.193.208
Erv,Colnet,ecolnetp4@theatlantic.com,Male,112.223.222.135
Prue,Bernhardsson,pbernhardssonp5@wiley.com,Female,211.188.241.211
Clarita,Clever,ccleverp6@wikipedia.org,Female,153.68.168.242
Hamlen,Dreger,hdregerp7@csmonitor.com,Male,151.194.227.117
Karissa,Earnshaw,kearnshawp8@latimes.com,Female,141.136.29.115
Alejandrina,Ashburner,aashburnerp9@cnn.com,Female,43.218.145.254
Levy,Swinfen,lswinfenpa@yellowpages.com,Male,76.158.24.119
Stern,Darragh,sdarraghpb@huffingtonpost.com,Male,188.137.180.8
Davis,Drinkel,ddrinkelpc@meetup.com,Male,103.153.55.212
Darnell,MacKibbon,dmackibbonpd@cocolog-nifty.com,Male,114.239.153.158
Lemmy,Reely,lreelype@technorati.com,Male,132.245.116.109
Wiley,Fairney,wfairneypf@reuters.com,Male,30.131.86.25
York,Okie,yokiepg@spotify.com,Male,166.129.154.29
Tatum,Spinige,tspinigeph@acquirethisname.com,Female,226.93.0.245
Farlie,Tremontana,ftremontanapi@businesswire.com,Genderqueer,210.66.94.47
Dicky,Dorber,ddorberpj@nymag.com,Male,117.160.208.179
Margot,Ternent,mternentpk@who.int,Female,202.65.174.149
Florida,Barday,fbardaypl@tuttocitta.it,Female,239.213.137.22
Rozanne,Harman,rharmanpm@51.la,Female,236.25.174.137
Brynne,Corson,bcorsonpn@va.gov,Female,152.116.10.6
Glen,Renton,grentonpo@yelp.com,Female,55.35.2.45
Webster,Brandsma,wbrandsmapp@howstuffworks.com,Male,30.215.241.28
Jerrie,Kinnon,jkinnonpq@gov.uk,Female,107.185.224.103
Wilmer,Silcock,wsilcockpr@bizjournals.com,Male,61.53.36.252
Kent,Loweth,klowethps@icq.com,Male,40.76.171.241
Meredith,Dadds,mdaddspt@bloomberg.com,Female,152.46.106.153
Stillmann,Treppas,streppaspu@tuttocitta.it,Male,111.8.203.202
Myranda,Charter,mcharterpv@theatlantic.com,Female,183.55.190.102
Reube,Gebbe,rgebbepw@yale.edu,Male,203.209.103.241
Camel,Goodsall,cgoodsallpx@engadget.com,Female,175.36.206.56
Karol,Kenwrick,kkenwrickpy@spiegel.de,Female,27.101.84.89
Adore,Jesson,ajessonpz@mtv.com,Female,30.145.73.93
Kylen,Iddy,kiddyq0@omniture.com,Agender,42.94.225.147
Ricky,Feasby,rfeasbyq1@imageshack.us,Female,222.38.159.93
Percy,Devereu,pdevereuq2@xinhuanet.com,Male,104.246.194.205
Renaldo,Dillicate,rdillicateq3@unblog.fr,Male,112.89.93.167
Bernie,Seyler,bseylerq4@soundcloud.com,Female,25.133.112.129
Jeana,Smalecombe,jsmalecombeq5@wisc.edu,Female,111.55.220.223
Ruth,Teacy,rteacyq6@google.com,Bigender,133.136.31.132
Maryann,Amesbury,mamesburyq7@photobucket.com,Agender,5.103.57.149
Marigold,Napthine,mnapthineq8@dmoz.org,Female,246.154.60.161
Donielle,Janak,djanakq9@sphinn.com,Female,239.245.108.137
Horton,Espadater,hespadaterqa@netlog.com,Male,224.172.139.189
Dedra,Cheyne,dcheyneqb@xrea.com,Female,117.14.95.234
Candra,Dory,cdoryqc@usgs.gov,Female,59.20.122.60
Elvis,Caslane,ecaslaneqd@ucoz.ru,Male,243.167.122.8
Ryun,Eite,reiteqe@unc.edu,Male,24.62.32.203
Odelle,Dudliston,odudlistonqf@myspace.com,Female,115.67.11.28
Dorian,O'Cullinane,docullinaneqg@mapy.cz,Male,134.173.162.106
Heywood,Guslon,hguslonqh@flavors.me,Male,171.201.214.43
Jasen,Lum,jlumqi@dmoz.org,Non-binary,228.195.134.170
Woody,Laneham,wlanehamqj@ed.gov,Male,181.40.208.67
Dotti,Parkinson,dparkinsonqk@tiny.cc,Female,5.243.201.50
Karlee,Underdown,kunderdownql@histats.com,Female,206.108.16.228
Tatiana,Tournie,ttournieqm@barnesandnoble.com,Female,101.119.112.0
Kellby,Scholler,kschollerqn@europa.eu,Male,126.37.241.198
Hendrika,Prothero,hprotheroqo@answers.com,Female,166.115.227.104
Isidro,Le Marchand,ilemarchandqp@ucoz.com,Male,252.84.242.46
Marge,Slyde,mslydeqq@youtu.be,Female,21.10.62.245
Angeli,Boram,aboramqr@psu.edu,Non-binary,111.166.187.253
Baxie,Snowsill,bsnowsillqs@ucoz.ru,Male,65.194.133.238
Doralynne,Budgeon,dbudgeonqt@de.vu,Female,61.58.89.143
Cedric,Leggs,cleggsqu@purevolume.com,Male,184.196.223.226
Annalise,Drohan,adrohanqv@ebay.co.uk,Female,39.70.65.89
Renaldo,Fyfield,rfyfieldqw@ow.ly,Male,107.45.87.76
Hobey,Points,hpointsqx@webeden.co.uk,Male,123.41.228.91
Halley,Soughton,hsoughtonqy@yellowpages.com,Female,49.97.221.219
Cyrill,Buttriss,cbuttrissqz@admin.ch,Male,85.118.210.164
Alyson,Pessolt,apessoltr0@pagesperso-orange.fr,Female,246.74.186.107
Waite,Boocock,wboocockr1@buzzfeed.com,Male,237.61.156.15
Michale,Duberry,mduberryr2@google.ru,Male,169.175.35.64
Galen,Saill,gsaillr3@etsy.com,Male,137.145.0.123
Marsh,Sonier,msonierr4@angelfire.com,Male,3.246.35.210
Tye,Boddington,tboddingtonr5@yolasite.com,Agender,33.4.248.248
Emmott,Sprulls,esprullsr6@themeforest.net,Male,51.52.68.18
Justinian,Pinsent,jpinsentr7@patch.com,Male,212.56.113.34
Yorgo,Barefoot,ybarefootr8@nydailynews.com,Agender,111.136.129.220
Eal,Harniman,eharnimanr9@cdbaby.com,Male,84.245.165.13
Carolann,Duval,cduvalra@tinypic.com,Female,211.114.41.167
Dania,Goodger,dgoodgerrb@usatoday.com,Female,220.165.150.106
Isidora,Whitebrook,iwhitebrookrc@paginegialle.it,Non-binary,127.195.241.172
Benita,Szymaniak,bszymaniakrd@nps.gov,Female,167.247.13.137
Merwin,Basson,mbassonre@amazon.co.uk,Male,179.157.0.206
Brew,Bayles,bbaylesrf@narod.ru,Genderqueer,221.161.46.64
Dagny,Gaish,dgaishrg@so-net.ne.jp,Male,235.83.228.143
Keeley,Strowlger,kstrowlgerrh@nifty.com,Female,127.168.228.10
Sella,Bumford,sbumfordri@independent.co.uk,Female,186.206.96.117
Marti,Cockcroft,mcockcroftrj@marriott.com,Female,197.40.234.206
Karolina,Woolforde,kwoolforderk@flickr.com,Female,178.152.253.3
Edmon,McKintosh,emckintoshrl@google.nl,Male,196.162.107.191
Munroe,Scripps,mscrippsrm@moonfruit.com,Male,30.224.72.14
Herby,Keatch,hkeatchrn@infoseek.co.jp,Male,191.55.96.29
Theda,Mollett,tmollettro@bloomberg.com,Female,169.139.2.15
Gill,Noe,gnoerp@nifty.com,Male,139.71.67.248
Neely,Callan,ncallanrq@meetup.com,Female,215.86.189.144
Modestia,Lantoph,mlantophrr@drupal.org,Female,166.215.207.127
