first_name,last_name,email,gender,ip_address
Courtnay,Lincey,clincey0@nbcnews.com,Bigender,173.202.187.113
Marissa,Cardinal,mcardinal1@issuu.com,Female,86.217.222.192
Bernette,Vigurs,bvigurs2@washington.edu,Female,213.134.137.229
Kingsly,Boyford,kboyford3@t.co,Male,136.237.196.94
Gail,McNulty,gmcnulty4@com.com,Male,120.52.158.171
Rutter,Pybus,rpybus5@ning.com,Male,190.150.225.147
Alphonso,Aimeric,aaimeric6@geocities.com,Male,59.199.80.6
Hilly,Hick,hhick7@aol.com,Male,245.220.21.123
Eleonora,Cockshtt,ecockshtt8@privacy.gov.au,Female,56.168.96.157
Myrilla,Gyves,mgyves9@constantcontact.com,Female,61.61.48.99
Tabbie,Puddan,tpuddana@bizjournals.com,Male,219.27.125.119
Barry,Brisson,bbrissonb@netscape.com,Female,164.230.254.6
Andree,Newby,anewbyc@soundcloud.com,Female,207.152.115.139
Kerk,Hoonahan,khoonahand@surveymonkey.com,Male,40.13.224.26
Ignaz,Grigoriscu,igrigoriscue@dropbox.com,Male,213.12.93.238
Allin,Trevillion,atrevillionf@usda.gov,Agender,131.252.242.57
Glynn,Redd,greddg@technorati.com,Male,81.50.99.195
Eleen,De Nisco,edeniscoh@irs.gov,Female,186.194.63.220
Gianna,Kingsmill,gkingsmilli@dot.gov,Female,157.248.70.84
Constantina,Obee,cobeej@timesonline.co.uk,Female,168.7.63.117
Layne,Hansod,lhansodk@omniture.com,Female,210.0.86.83
Verile,Corless,vcorlessl@theguardian.com,Female,253.194.63.4
Gregoor,Raiston,graistonm@ebay.com,Male,54.176.212.152
Earl,McKeady,emckeadyn@last.fm,Male,178.175.169.90
Vlad,Deadman,vdeadmano@nasa.gov,Male,137.229.68.222
Maryellen,Tante,mtantep@de.vu,Female,105.120.65.218
Bert,Alders,baldersq@xinhuanet.com,Agender,38.138.193.187
Bidget,Cashen,bcashenr@elegantthemes.com,Genderqueer,206.119.99.4
Duke,Livezley,dlivezleys@java.com,Male,48.196.144.17
Ham,Domaschke,hdomaschket@storify.com,Male,46.255.225.227
Fancie,Brayson,fbraysonu@de.vu,Female,250.245.92.233
Mac,Greser,mgreserv@ifeng.com,Male,8.228.148.27
Lucien,Daggett,ldaggettw@t.co,Male,128.213.52.98
Maury,Kix,mkixx@yandex.ru,Male,35.88.247.165
Bastien,Stolberger,bstolbergery@answers.com,Bigender,88.136.103.81
Tawsha,Graveney,tgraveneyz@whitehouse.gov,Female,34.182.223.36
Em,Jiroudek,ejiroudek10@wunderground.com,Female,87.189.180.78
Walther,Trenbay,wtrenbay11@bloglines.com,Male,15.153.162.68
Godfree,Karolowski,gkarolowski12@altervista.org,Male,3.150.55.4
Alwin,Kubas,akubas13@xrea.com,Bigender,15.173.222.199
Lezley,Simo,lsimo14@drupal.org,Male,90.230.27.136
Bronny,Couthard,bcouthard15@github.com,Non-binary,232.189.199.185
Artemus,Gatheridge,agatheridge16@sohu.com,Male,27.101.88.35
Eustace,Evison,eevison17@ucoz.com,Male,59.15.106.165
Sibylle,Lyddiard,slyddiard18@domainmarket.com,Female,75.91.69.60
Cletis,Potteridge,cpotteridge19@1688.com,Male,208.202.251.193
Dale,Kenyon,dkenyon1a@sohu.com,Female,179.112.123.54
Bradford,Stollsteiner,bstollsteiner1b@google.de,Male,14.219.22.93
Maison,Coldicott,mcoldicott1c@hibu.com,Male,86.72.225.116
Rutter,Lowfill,rlowfill1d@woothemes.com,Male,74.76.153.245
Marrissa,Tweddle,mtweddle1e@ibm.com,Polygender,191.163.137.34
Karena,Fancott,kfancott1f@ezinearticles.com,Female,9.90.221.188
Inigo,Bathoe,ibathoe1g@yahoo.co.jp,Male,61.16.72.194
Derwin,Cato,dcato1h@technorati.com,Male,248.155.189.249
Sammy,Savins,ssavins1i@gmpg.org,Female,214.164.148.192
Alicia,Hrinishin,ahrinishin1j@joomla.org,Female,7.21.158.91
Clark,Casetti,ccasetti1k@netlog.com,Male,136.214.248.211
Banky,Mumby,bmumby1l@bing.com,Male,70.19.209.105
Tarrance,Hartin,thartin1m@free.fr,Male,242.168.146.177
Rosalia,Cropp,rcropp1n@sohu.com,Female,232.50.197.84
Justinn,Ouslem,jouslem1o@ft.com,Non-binary,29.196.137.129
Ham,Elington,helington1p@aboutads.info,Male,175.89.139.189
Joshua,Sherland,jsherland1q@cyberchimps.com,Male,88.238.13.189
Alene,Stanworth,astanworth1r@wufoo.com,Female,161.83.54.253
Thacher,Ellick,tellick1s@aol.com,Male,144.12.70.45
Evonne,Lorne,elorne1t@github.com,Female,32.27.112.181
Kiersten,Stannett,kstannett1u@github.com,Female,102.120.204.63
Nikolia,Sterling,nsterling1v@samsung.com,Female,29.4.47.193
Derk,Serris,dserris1w@ning.com,Male,245.37.91.196
Amber,Turnpenny,aturnpenny1x@wiley.com,Female,199.233.54.221
Malory,Bleasdille,mbleasdille1y@diigo.com,Genderqueer,202.168.63.250
Emeline,Gatenby,egatenby1z@printfriendly.com,Genderqueer,101.138.235.54
Kayne,Currie,kcurrie20@arizona.edu,Male,128.39.29.177
Nicol,Denial,ndenial21@taobao.com,Male,95.50.131.233
Lezlie,Chicken,lchicken22@sciencedirect.com,Female,86.225.20.104
Calida,Swyne,cswyne23@themeforest.net,Female,9.123.200.54
Irv,Aitken,iaitken24@devhub.com,Male,150.216.244.77
Randy,Betun,rbetun25@netscape.com,Male,118.151.130.27
Alfy,Northen,anorthen26@amazon.com,Polygender,225.165.215.193
Fergus,MacDuffie,fmacduffie27@tmall.com,Non-binary,108.234.10.14
Bradley,Grinham,bgrinham28@zdnet.com,Male,7.57.112.83
Noelyn,Cholton,ncholton29@smh.com.au,Female,202.37.9.254
Bettine,Weekes,bweekes2a@godaddy.com,Female,195.163.235.141
Gusty,Condict,gcondict2b@bbb.org,Female,125.225.234.103
Ira,Meininger,imeininger2c@miibeian.gov.cn,Male,118.227.128.5
Holmes,Clynman,hclynman2d@oracle.com,Male,255.25.143.165
Lane,Orpin,lorpin2e@goo.gl,Agender,18.147.250.142
Sasha,Sallan,ssallan2f@wired.com,Female,255.143.133.198
Drugi,Duffan,dduffan2g@google.pl,Male,189.250.171.117
Lamont,Agron,lagron2h@globo.com,Male,88.18.209.192
Katuscha,Bullocke,kbullocke2i@nasa.gov,Female,166.1.56.36
Felice,Adshed,fadshed2j@nps.gov,Male,152.82.15.30
Panchito,Dahlgren,pdahlgren2k@china.com.cn,Male,216.183.151.210
Elka,Bonus,ebonus2l@businessinsider.com,Female,35.19.88.241
Darnall,Reape,dreape2m@lulu.com,Male,248.9.18.66
Felice,Bigglestone,fbigglestone2n@constantcontact.com,Female,6.50.13.239
Karalynn,Glasson,kglasson2o@virginia.edu,Female,57.30.178.209
Haleigh,Davidovitz,hdavidovitz2p@whitehouse.gov,Female,141.2.221.241
Lorrin,Barensen,lbarensen2q@elegantthemes.com,Female,137.175.66.134
Caz,Crosoer,ccrosoer2r@blogtalkradio.com,Male,210.107.210.28
Sallyann,Schooling,sschooling2s@home.pl,Female,9.119.169.12
Monty,Coalburn,mcoalburn2t@printfriendly.com,Male,34.104.226.106
Thaddus,Connar,tconnar2u@unc.edu,Male,192.22.62.116
Felicio,Frankish,ffrankish2v@unicef.org,Male,240.94.128.126
Marty,Bordes,mbordes2w@instagram.com,Male,242.0.190.232
Beck,Downes,bdownes2x@statcounter.com,Male,230.69.250.100
Kiri,Elmar,kelmar2y@dot.gov,Female,104.157.162.131
Verile,Rignall,vrignall2z@cisco.com,Female,164.79.193.230
Ambrose,McFadin,amcfadin30@issuu.com,Male,149.140.137.27
Babb,Bisgrove,bbisgrove31@youtu.be,Female,220.18.194.30
Matilde,Ingon,mingon32@amazon.co.jp,Female,226.10.126.102
Kassie,Caygill,kcaygill33@archive.org,Female,56.79.113.188
Abie,Halsho,ahalsho34@mac.com,Male,223.209.40.50
Yasmin,Boate,yboate35@nytimes.com,Female,35.249.75.169
Annamarie,Yanshonok,ayanshonok36@columbia.edu,Female,3.168.241.44
Tamas,Ruthen,truthen37@wordpress.org,Male,37.5.64.22
Grenville,Goly,ggoly38@123-reg.co.uk,Male,72.112.233.200
Ansley,Bilbery,abilbery39@quantcast.com,Female,173.63.56.29
Desi,Vidgeon,dvidgeon3a@desdev.cn,Male,35.68.108.79
Albie,Dahle,adahle3b@merriam-webster.com,Male,220.124.165.31
Corry,Delcastel,cdelcastel3c@spiegel.de,Female,237.234.159.136
Ruggiero,Corney,rcorney3d@wikispaces.com,Agender,156.162.53.7
Elianora,Union,eunion3e@cdc.gov,Female,147.107.72.30
Ken,Roos,kroos3f@amazon.com,Male,8.95.189.244
Bondie,Grindrod,bgrindrod3g@merriam-webster.com,Male,10.98.204.188
Marcello,Vigietti,mvigietti3h@patch.com,Male,120.184.97.171
Siusan,O'Doran,sodoran3i@statcounter.com,Female,31.176.242.254
Abner,Spurgin,aspurgin3j@ucla.edu,Male,7.241.17.248
Marline,Stubbes,mstubbes3k@free.fr,Female,84.149.186.147
Oran,Luxford,oluxford3l@creativecommons.org,Male,255.235.187.89
Hillie,Choffin,hchoffin3m@sbwire.com,Male,136.20.82.4
Brooks,Zorzin,bzorzin3n@cnn.com,Female,53.89.16.215
Hailey,Hemphill,hhemphill3o@engadget.com,Male,248.78.236.205
Knox,Eppson,keppson3p@china.com.cn,Non-binary,94.200.108.69
Min,Sawood,msawood3q@multiply.com,Female,71.158.197.233
Phillipe,Lacy,placy3r@barnesandnoble.com,Male,143.45.90.47
Willy,Maberley,wmaberley3s@blogs.com,Male,227.79.212.61
Thorndike,Smellie,tsmellie3t@oaic.gov.au,Male,78.79.81.117
Dorie,Bathersby,dbathersby3u@360.cn,Female,23.135.221.17
Thoma,Hyam,thyam3v@ovh.net,Genderfluid,228.201.250.88
Tremain,Naulls,tnaulls3w@hibu.com,Male,84.153.69.134
Nicky,Cockhill,ncockhill3x@goo.gl,Female,123.198.232.209
Zola,Darlison,zdarlison3y@chron.com,Female,155.216.127.8
Pammie,Garthland,pgarthland3z@homestead.com,Non-binary,66.114.181.140
Deva,Tanman,dtanman40@house.gov,Female,150.100.20.109
Saundra,Carnier,scarnier41@livejournal.com,Male,143.204.182.107
Rowen,Connue,rconnue42@mtv.com,Male,117.114.165.12
Armand,Tett,atett43@amazonaws.com,Male,194.152.81.198
Nannette,Fairman,nfairman44@wp.com,Female,4.97.12.55
Anni,Castleman,acastleman45@usatoday.com,Female,126.136.212.121
Shandeigh,Yemm,syemm46@ibm.com,Female,71.170.169.160
Armand,Askem,aaskem47@dailymotion.com,Male,94.247.246.153
Ulrike,Pettican,upettican48@eepurl.com,Female,251.99.153.77
Duane,Stephen,dstephen49@ycombinator.com,Male,90.225.50.18
Row,Whetnall,rwhetnall4a@youtu.be,Female,74.0.186.165
Salli,Warlowe,swarlowe4b@nih.gov,Female,175.201.224.46
Wynnie,Cofax,wcofax4c@google.it,Female,0.87.175.213
Fianna,Lintott,flintott4d@ezinearticles.com,Female,50.105.136.160
Josee,Mattecot,jmattecot4e@blogger.com,Female,215.226.8.19
Elle,Ludman,eludman4f@arizona.edu,Female,194.195.79.94
Brand,Heaney`,bheaney4g@list-manage.com,Male,114.42.235.183
Ailyn,Sandyford,asandyford4h@telegraph.co.uk,Female,64.67.34.183
Susana,Tabner,stabner4i@sina.com.cn,Female,125.110.158.206
Jobye,Molloy,jmolloy4j@ibm.com,Female,154.179.81.89
Christan,Cabrera,ccabrera4k@desdev.cn,Female,137.38.214.67
Helga,Peartree,hpeartree4l@census.gov,Female,170.179.228.109
Sheela,Netti,snetti4m@barnesandnoble.com,Female,4.243.29.3
Morena,Boecke,mboecke4n@un.org,Female,229.34.193.193
Hyman,Cornely,hcornely4o@exblog.jp,Male,211.195.24.137
Konstantin,Crepel,kcrepel4p@vk.com,Male,245.48.9.77
Georgianne,Linstead,glinstead4q@washington.edu,Female,193.87.85.200
Emmy,Radki,eradki4r@wikispaces.com,Female,110.88.148.6
Vivia,Brewers,vbrewers4s@cloudflare.com,Genderqueer,231.170.61.155
Berti,Belf,bbelf4t@tinypic.com,Female,131.238.7.255
Rriocard,Bazylets,rbazylets4u@de.vu,Male,57.61.33.80
Mureil,Mumberson,mmumberson4v@fotki.com,Agender,108.251.82.63
Travis,Neeson,tneeson4w@ocn.ne.jp,Bigender,95.111.210.25
Natividad,Pawson,npawson4x@chronoengine.com,Female,191.198.51.182
Wallie,Hefford,whefford4y@aboutads.info,Male,165.244.89.255
Sonnie,Miner,sminer4z@parallels.com,Male,193.64.19.151
Sibel,Emms,semms50@cnet.com,Female,238.3.121.8
Othella,Handrok,ohandrok51@skyrock.com,Female,16.2.84.89
Laraine,Brunnen,lbrunnen52@blogger.com,Female,180.16.42.130
Gaylord,Briant,gbriant53@mlb.com,Male,4.158.68.13
Selia,Dockree,sdockree54@google.com.br,Female,130.135.156.169
Scarface,Pietesch,spietesch55@joomla.org,Agender,4.31.224.197
Abram,Palay,apalay56@photobucket.com,Genderqueer,108.126.34.16
Melodee,Yitzhakov,myitzhakov57@webmd.com,Female,203.233.198.148
Valery,Gery,vgery58@cocolog-nifty.com,Female,179.241.232.137
Thaddeus,Heild,theild59@ibm.com,Male,85.9.104.224
Mercedes,Sumnall,msumnall5a@gmpg.org,Female,68.99.112.54
Marji,Burbury,mburbury5b@comcast.net,Female,144.125.182.160
Hagen,Noddles,hnoddles5c@fotki.com,Male,228.22.109.224
Isabella,Gurr,igurr5d@vinaora.com,Female,4.179.122.95
Veronica,Szwandt,vszwandt5e@oracle.com,Female,158.157.157.177
Vale,Govern,vgovern5f@tmall.com,Female,203.134.84.210
Boone,Manvell,bmanvell5g@macromedia.com,Male,107.177.44.0
Codie,McCoughan,cmccoughan5h@pcworld.com,Male,190.134.233.147
Crosby,Masurel,cmasurel5i@miitbeian.gov.cn,Male,203.26.201.4
Israel,Clapham,iclapham5j@squidoo.com,Male,52.114.158.37
Forbes,Delaney,fdelaney5k@cornell.edu,Male,255.215.82.11
Mischa,Magauran,mmagauran5l@columbia.edu,Male,117.229.191.205
Jeanette,Innerstone,jinnerstone5m@google.com.br,Female,90.235.4.109
Patric,Meikle,pmeikle5n@unblog.fr,Male,231.231.223.239
Sherry,Tootin,stootin5o@smugmug.com,Female,155.67.221.175
Tristan,Kyston,tkyston5p@nyu.edu,Non-binary,121.136.148.5
Evan,Diplock,ediplock5q@tinypic.com,Male,35.9.116.185
Glen,Stadding,gstadding5r@eventbrite.com,Female,118.140.181.12
Percival,Giffaut,pgiffaut5s@smh.com.au,Male,67.50.83.229
Roosevelt,Bayston,rbayston5t@desdev.cn,Male,171.152.246.48
Nathanil,Beckmann,nbeckmann5u@ning.com,Male,163.211.110.154
Benetta,Jaine,bjaine5v@mayoclinic.com,Female,161.243.132.34
Calhoun,Salery,csalery5w@exblog.jp,Male,188.16.58.120
Alberik,Guidoni,aguidoni5x@163.com,Male,142.176.215.24
Julio,Bridgland,jbridgland5y@ucla.edu,Male,42.151.110.244
Caryl,Reihill,creihill5z@cocolog-nifty.com,Male,246.156.140.215
Myrna,Pickavant,mpickavant60@4shared.com,Female,145.40.141.196
Deana,Waycott,dwaycott61@homestead.com,Female,14.54.238.87
Zorine,Caistor,zcaistor62@goo.gl,Female,35.119.6.72
Maury,Batsford,mbatsford63@tinyurl.com,Male,60.113.204.15
Daloris,Pinock,dpinock64@ftc.gov,Female,130.44.41.13
Artemis,Wisbey,awisbey65@themeforest.net,Male,26.120.41.201
Nixie,De Lasci,ndelasci66@godaddy.com,Female,247.228.77.158
Marylou,Kilrow,mkilrow67@storify.com,Female,80.172.163.68
Marshall,Grason,mgrason68@wikipedia.org,Male,162.191.207.186
Dimitry,Grimwade,dgrimwade69@nih.gov,Male,62.96.132.133
Lyndsie,Dolder,ldolder6a@ow.ly,Bigender,79.196.166.149
Lynnet,Pedracci,lpedracci6b@rediff.com,Female,199.45.169.176
Lila,Giacopelo,lgiacopelo6c@purevolume.com,Female,162.29.24.203
Ashlen,Shawe,ashawe6d@accuweather.com,Female,72.13.139.96
Ellwood,Fulep,efulep6e@rakuten.co.jp,Male,40.198.82.183
Donny,Fitchew,dfitchew6f@adobe.com,Male,219.171.97.27
Krissy,Blei,kblei6g@barnesandnoble.com,Female,187.217.35.173
Maure,Stansall,mstansall6h@dailymotion.com,Female,42.201.126.129
Garry,Dossit,gdossit6i@bandcamp.com,Male,126.71.96.107
Gaynor,Remirez,gremirez6j@pcworld.com,Female,25.222.229.177
Everett,Kender,ekender6k@unc.edu,Male,88.251.12.121
Israel,Bill,ibill6l@tumblr.com,Male,254.32.164.143
Waylan,Durning,wdurning6m@mediafire.com,Male,104.63.243.128
Abbey,Pippin,apippin6n@linkedin.com,Non-binary,144.64.142.231
Alvera,Santon,asanton6o@simplemachines.org,Female,246.157.238.30
Chet,Kilalea,ckilalea6p@plala.or.jp,Male,26.240.76.91
Lanita,Jolland,ljolland6q@mac.com,Female,168.114.24.89
Eleen,Fullstone,efullstone6r@ebay.co.uk,Female,94.254.249.191
Deane,Wyllcock,dwyllcock6s@sitemeter.com,Female,160.177.225.159
Rozina,Leed,rleed6t@shop-pro.jp,Female,4.244.87.69
Royce,Greendale,rgreendale6u@360.cn,Genderfluid,28.252.180.136
Cassius,Edelheit,cedelheit6v@si.edu,Male,178.18.234.166
Brennan,Dalgardno,bdalgardno6w@howstuffworks.com,Male,46.2.150.110
Idaline,Yvens,iyvens6x@hhs.gov,Female,151.83.47.179
Nettie,Capener,ncapener6y@hexun.com,Female,65.99.140.89
Ediva,Beardsley,ebeardsley6z@nba.com,Female,129.196.86.194
Vitia,Guidotti,vguidotti70@intel.com,Female,141.11.240.228
Trula,Livsey,tlivsey71@ycombinator.com,Female,43.42.86.200
Auroora,Defty,adefty72@geocities.com,Female,10.18.19.16
Jodi,Have,jhave73@ovh.net,Male,77.168.223.160
Corette,Peacock,cpeacock74@over-blog.com,Female,25.79.230.7
Isador,Snedden,isnedden75@latimes.com,Male,66.156.73.127
Richy,Pennacci,rpennacci76@addthis.com,Male,148.182.161.193
Welby,Hainey,whainey77@skyrock.com,Male,71.11.142.205
Brandyn,Raynard,braynard78@skyrock.com,Male,55.243.149.181
Halsy,Skillicorn,hskillicorn79@jigsy.com,Male,134.81.145.246
Gerrie,Thatcham,gthatcham7a@unc.edu,Female,109.245.26.101
Titos,Kubelka,tkubelka7b@nationalgeographic.com,Male,153.62.221.60
Maxie,Sarton,msarton7c@altervista.org,Female,151.131.73.100
Henderson,Deegin,hdeegin7d@jiathis.com,Male,170.236.214.158
Yolane,Gerault,ygerault7e@google.co.uk,Bigender,124.34.20.60
Cal,Rosina,crosina7f@ustream.tv,Female,144.115.200.119
Johan,Chaters,jchaters7g@umn.edu,Male,240.118.218.156
Simona,Boatwright,sboatwright7h@npr.org,Female,128.21.220.15
Maddy,Hincks,mhincks7i@amazon.co.jp,Female,87.43.20.236
Bette-ann,Buffery,bbuffery7j@harvard.edu,Female,250.217.125.197
Marcelo,Britee,mbritee7k@wisc.edu,Male,245.206.223.209
Ainsley,Jillitt,ajillitt7l@studiopress.com,Female,101.76.1.39
Ulrick,Trewartha,utrewartha7m@joomla.org,Male,93.47.22.130
Ara,Huckleby,ahuckleby7n@cbsnews.com,Male,226.253.188.22
Joye,McNelis,jmcnelis7o@reddit.com,Polygender,1.83.241.177
Bevin,Faughey,bfaughey7p@unc.edu,Male,174.224.68.90
Bernardina,Sansam,bsansam7q@networkadvertising.org,Female,35.75.44.48
Rob,Siemandl,rsiemandl7r@lycos.com,Male,16.206.111.21
Rich,Ugolotti,rugolotti7s@china.com.cn,Agender,153.99.97.46
Enrica,Burland,eburland7t@newsvine.com,Female,85.27.31.128
Trixie,Seville,tseville7u@typepad.com,Genderfluid,32.71.223.9
Ardys,Forryan,aforryan7v@soup.io,Female,143.193.5.102
Yorker,Cannicott,ycannicott7w@homestead.com,Male,28.247.99.254
Jory,Yaxley,jyaxley7x@infoseek.co.jp,Male,138.22.67.116
Lennie,Plester,lplester7y@t.co,Male,67.104.92.22
Annmaria,Dearsley,adearsley7z@xinhuanet.com,Polygender,227.223.107.3
Farris,Gerant,fgerant80@cbsnews.com,Male,104.108.189.54
Artair,Spillane,aspillane81@sakura.ne.jp,Male,140.157.139.79
Kerry,MacGaughey,kmacgaughey82@scientificamerican.com,Male,46.80.194.117
Emelen,Bannon,ebannon83@nsw.gov.au,Male,78.241.18.190
Marjorie,Favey,mfavey84@is.gd,Female,61.206.155.79
Alanna,Haycraft,ahaycraft85@youtu.be,Female,213.242.81.182
Matthaeus,Hafner,mhafner86@behance.net,Male,234.200.30.96
Crawford,Dupree,cdupree87@godaddy.com,Male,10.47.189.20
Alberik,Redsull,aredsull88@indiatimes.com,Male,33.161.248.85
Seana,Hearons,shearons89@wordpress.org,Female,157.201.188.109
Nicolle,Paulsson,npaulsson8a@stumbleupon.com,Female,127.0.90.138
Duke,O'Loughlin,doloughlin8b@wikia.com,Polygender,118.2.173.61
Ransell,Carmel,rcarmel8c@amazon.co.uk,Male,179.90.129.54
Sydel,Casetta,scasetta8d@patch.com,Female,88.26.245.101
Cam,Emilien,cemilien8e@infoseek.co.jp,Male,89.194.3.153
Maryanne,Mayman,mmayman8f@nba.com,Female,81.203.235.206
Marco,Heersma,mheersma8g@elegantthemes.com,Male,107.50.34.177
Cleopatra,Dabnot,cdabnot8h@wix.com,Female,176.29.19.189
Silvano,Crofthwaite,scrofthwaite8i@mapquest.com,Male,198.9.92.240
Jamie,Prozillo,jprozillo8j@businessinsider.com,Polygender,170.169.16.118
Mireielle,Baumford,mbaumford8k@google.fr,Genderqueer,196.236.36.253
Khalil,Sharpin,ksharpin8l@reuters.com,Male,154.81.235.185
Starlene,Whittock,swhittock8m@indiatimes.com,Female,110.74.45.96
Cecily,Simmon,csimmon8n@fda.gov,Polygender,182.222.212.140
Anatola,Klimkiewich,aklimkiewich8o@sitemeter.com,Female,165.187.249.3
Winny,Vasilenko,wvasilenko8p@msn.com,Female,233.184.151.24
Inez,Sugarman,isugarman8q@prnewswire.com,Female,157.189.174.104
Scotti,Burling,sburling8r@google.it,Male,183.6.147.104
Antoni,Emberson,aemberson8s@amazon.de,Male,183.89.121.240
Nikolas,Bodicum,nbodicum8t@phpbb.com,Male,103.225.225.158
Herby,Matresse,hmatresse8u@army.mil,Male,26.186.49.181
Murielle,McQuilty,mmcquilty8v@1688.com,Female,166.36.41.196
Drona,Huitson,dhuitson8w@hatena.ne.jp,Female,20.34.102.44
Mathias,Kielt,mkielt8x@canalblog.com,Male,177.8.43.103
Ardeen,Rowden,arowden8y@vimeo.com,Genderfluid,78.226.96.207
Joyan,Stelli,jstelli8z@amazon.co.jp,Female,49.150.112.79
Ursuline,McFater,umcfater90@ezinearticles.com,Female,61.229.4.9
Janeva,Kiehnlt,jkiehnlt91@slideshare.net,Female,152.249.40.226
Hartley,Berzen,hberzen92@moonfruit.com,Male,117.146.156.42
Reyna,O' Clovan,roclovan93@cocolog-nifty.com,Female,204.3.180.111
Peta,Nagle,pnagle94@wunderground.com,Female,99.9.192.157
Linn,Wolfindale,lwolfindale95@webmd.com,Male,79.178.172.124
Denise,Tincey,dtincey96@photobucket.com,Female,218.42.231.187
Broddy,Ewles,bewles97@com.com,Male,111.220.215.134
Pietro,Corkill,pcorkill98@w3.org,Male,131.137.73.246
Marsiella,Ramsell,mramsell99@youtu.be,Female,138.117.31.2
Jodi,Kennifeck,jkennifeck9a@ow.ly,Female,241.81.232.84
Stephanus,Hayland,shayland9b@devhub.com,Male,105.159.222.84
Cindee,Brickell,cbrickell9c@fc2.com,Female,49.46.0.143
Shelia,Ramet,sramet9d@reference.com,Female,4.137.51.97
Maia,Colmer,mcolmer9e@myspace.com,Female,199.87.241.183
Quinton,Brockbank,qbrockbank9f@blogger.com,Male,254.91.125.236
Claus,Nell,cnell9g@wufoo.com,Male,159.89.228.209
Audrey,Biskupiak,abiskupiak9h@go.com,Female,162.72.116.158
Dasya,Donoghue,ddonoghue9i@skype.com,Female,226.149.44.207
Winston,Oldroyde,woldroyde9j@dedecms.com,Male,224.96.52.43
Gerry,Witchell,gwitchell9k@smh.com.au,Genderqueer,230.171.17.154
Jaclyn,Figiovanni,jfigiovanni9l@blog.com,Female,92.173.19.94
Gustaf,Gawith,ggawith9m@bloomberg.com,Non-binary,53.32.152.248
Dominique,Bleyman,dbleyman9n@wunderground.com,Genderqueer,247.204.27.155
Gilbert,Marusic,gmarusic9o@vk.com,Male,132.31.177.186
Jojo,Mathwin,jmathwin9p@xing.com,Female,141.48.78.26
Reinaldo,Way,rway9q@csmonitor.com,Male,62.156.232.127
Felicio,Saunders,fsaunders9r@ning.com,Male,21.11.15.134
Jereme,Hinder,jhinder9s@devhub.com,Male,106.27.33.38
Willie,Blundan,wblundan9t@yellowpages.com,Female,113.232.253.69
Korry,Theml,ktheml9u@prnewswire.com,Female,54.39.174.148
Netta,Yelding,nyelding9v@hud.gov,Female,141.166.168.97
Milzie,Trenam,mtrenam9w@yellowpages.com,Female,27.179.38.190
Ethelin,Bignal,ebignal9x@about.me,Female,245.221.219.224
Edin,Lalley,elalley9y@instagram.com,Female,78.91.20.131
Merwin,Cowndley,mcowndley9z@cbslocal.com,Male,110.101.186.177
Shaine,Miebes,smiebesa0@oaic.gov.au,Male,127.0.23.101
Bowie,Flori,bfloria1@vistaprint.com,Male,40.48.6.87
Joeann,Marran,jmarrana2@behance.net,Female,54.115.7.25
Ogdan,Crofts,ocroftsa3@de.vu,Genderqueer,224.172.77.88
Adriano,Balstone,abalstonea4@amazon.de,Male,188.33.101.202
Ernaline,Faustian,efaustiana5@ihg.com,Female,70.140.4.18
Carleen,Sullly,csulllya6@networksolutions.com,Female,116.54.169.165
Neill,Ferencowicz,nferencowicza7@nbcnews.com,Male,56.197.163.238
Valida,Satterlee,vsatterleea8@seattletimes.com,Female,219.210.82.13
Julio,Carding,jcardinga9@google.ca,Genderfluid,102.36.147.243
Armand,Seydlitz,aseydlitzaa@altervista.org,Male,56.5.252.207
Benedick,Blyden,bblydenab@omniture.com,Male,32.194.214.92
Bert,Gitsham,bgitshamac@thetimes.co.uk,Female,210.109.140.245
Arch,Spores,asporesad@amazon.de,Male,159.6.168.86
Cathyleen,Towriss,ctowrissae@shareasale.com,Female,210.27.108.143
Ola,Gaskamp,ogaskampaf@t.co,Female,55.203.194.77
Stanislas,Mintrim,smintrimag@amazon.co.uk,Non-binary,122.128.64.206
Claudell,Baggot,cbaggotah@baidu.com,Male,121.86.152.125
Paige,Mallall,pmallallai@goo.ne.jp,Female,207.135.181.8
Glenna,Oret,goretaj@acquirethisname.com,Female,143.178.194.124
Sheff,Pereira,spereiraak@tamu.edu,Male,214.7.112.8
Bern,Burdus,bburdusal@hibu.com,Agender,78.113.96.52
Nancee,Tissiman,ntissimanam@zimbio.com,Female,66.216.128.104
Claudia,Hawlgarth,chawlgarthan@unc.edu,Female,0.181.243.51
Sterling,Albrook,salbrookao@51.la,Male,13.198.92.193
Nickie,Waszczyk,nwaszczykap@google.fr,Polygender,29.134.4.243
Gwenora,Tremolieres,gtremolieresaq@nbcnews.com,Female,104.91.208.105
Maxwell,Risdall,mrisdallar@last.fm,Non-binary,195.40.45.123
Holmes,Heys,hheysas@miitbeian.gov.cn,Male,38.247.99.55
Barris,Tilbey,btilbeyat@go.com,Male,111.48.158.94
Augustin,Goodacre,agoodacreau@ning.com,Male,88.240.95.131
Janella,Rappoport,jrappoportav@buzzfeed.com,Female,75.153.146.173
Barbe,Scrafton,bscraftonaw@sphinn.com,Female,245.143.164.180
Berni,Trase,btraseax@wisc.edu,Female,130.160.127.163
Agosto,Eschalette,aeschaletteay@slate.com,Male,218.45.88.0
Archy,Piele,apieleaz@liveinternet.ru,Male,67.160.119.105
Brok,Galego,bgalegob0@meetup.com,Male,159.47.213.83
Dannie,Vesque,dvesqueb1@creativecommons.org,Female,1.173.49.29
Lark,Tuffin,ltuffinb2@4shared.com,Polygender,145.173.196.235
Mina,Limpkin,mlimpkinb3@cloudflare.com,Female,147.111.131.191
Mickey,Tarr,mtarrb4@reddit.com,Polygender,18.153.98.105
Abbie,Greaterex,agreaterexb5@arstechnica.com,Male,223.32.48.243
Rutger,Lidgerton,rlidgertonb6@flickr.com,Male,4.86.32.178
Clementine,Bratchell,cbratchellb7@ifeng.com,Female,13.132.132.93
Tatum,Steward,tstewardb8@squarespace.com,Female,192.138.21.5
Rosanne,Klimaszewski,rklimaszewskib9@imgur.com,Female,24.46.200.187
Greta,Marcinkowski,gmarcinkowskiba@unblog.fr,Female,111.31.132.51
Shep,Dagon,sdagonbb@home.pl,Male,212.113.255.250
Guss,Prydie,gprydiebc@macromedia.com,Male,53.91.209.167
Vonnie,Leaf,vleafbd@g.co,Female,74.55.210.213
Matias,Longhi,mlonghibe@howstuffworks.com,Polygender,111.180.189.76
Lock,Thorlby,lthorlbybf@opera.com,Male,183.192.145.125
Tess,Hazeldene,thazeldenebg@bloglovin.com,Female,163.127.177.210
Sven,Bolden,sboldenbh@unc.edu,Male,94.185.98.76
Magnum,Bugdall,mbugdallbi@fc2.com,Male,149.22.87.115
Nester,Crews,ncrewsbj@discovery.com,Male,62.71.248.189
Johannes,Tomkys,jtomkysbk@smugmug.com,Male,150.0.190.21
Graham,Kerry,gkerrybl@imgur.com,Genderfluid,223.194.16.161
Susy,Newdick,snewdickbm@miibeian.gov.cn,Female,91.84.166.136
Eugenio,Ferrao,eferraobn@gov.uk,Male,122.194.47.38
Augustine,Steffens,asteffensbo@berkeley.edu,Male,27.150.117.218
Caressa,Obispo,cobispobp@japanpost.jp,Female,250.163.38.28
Geoffry,Maggs,gmaggsbq@ucsd.edu,Male,163.243.221.249
Case,Smithers,csmithersbr@paginegialle.it,Male,61.177.120.171
Steffie,Camosso,scamossobs@spiegel.de,Female,37.221.231.27
Larissa,Ramplee,lrampleebt@yelp.com,Female,168.102.58.22
Melba,Davenell,mdavenellbu@foxnews.com,Female,205.203.15.153
Raynell,Planque,rplanquebv@nytimes.com,Polygender,185.39.25.99
Terri,Kervin,tkervinbw@jiathis.com,Non-binary,238.240.98.13
Derrek,Van den Oord,dvandenoordbx@skype.com,Male,175.218.5.214
Kaine,Mazin,kmazinby@princeton.edu,Male,189.103.100.138
Hedda,Baus,hbausbz@shinystat.com,Female,101.7.206.3
Lilian,Cordall,lcordallc0@adobe.com,Female,250.124.179.76
Fidelio,Overill,foverillc1@usa.gov,Male,14.100.60.54
Randolph,Lummus,rlummusc2@dion.ne.jp,Male,173.226.219.216
Pepito,Swedeland,pswedelandc3@mit.edu,Male,68.242.71.65
Ebba,Benz,ebenzc4@spotify.com,Genderqueer,193.121.125.36
Rivi,FitzGibbon,rfitzgibbonc5@xinhuanet.com,Polygender,136.45.247.32
Erhard,Donoher,edonoherc6@slideshare.net,Male,2.34.108.36
Alic,Wheowall,awheowallc7@merriam-webster.com,Male,51.216.197.240
Sophronia,Hiorn,shiornc8@usda.gov,Female,179.244.14.230
Leyla,Kryszka,lkryszkac9@gnu.org,Female,143.181.118.106
Vitia,Britee,vbriteeca@4shared.com,Female,114.32.123.128
Jeramie,Cornew,jcornewcb@princeton.edu,Male,143.134.207.12
Darci,Jenton,djentoncc@sun.com,Female,156.72.245.60
Julie,Ransbury,jransburycd@bandcamp.com,Male,7.234.143.15
Wells,Daines,wdainesce@china.com.cn,Male,15.223.111.147
Sosanna,Robillart,srobillartcf@engadget.com,Female,5.98.159.62
Lexi,Allibon,lalliboncg@nymag.com,Female,218.35.139.145
Emmeline,Boichat,eboichatch@angelfire.com,Female,249.156.39.242
Dwight,Azam,dazamci@amazonaws.com,Male,32.4.239.162
Edwin,Gillum,egillumcj@seesaa.net,Genderfluid,122.148.79.127
Mile,Mouncher,mmouncherck@scientificamerican.com,Male,220.230.125.133
Jerrilee,Matschoss,jmatschosscl@cbsnews.com,Agender,95.190.189.144
Arleen,Mees,ameescm@about.com,Female,4.208.93.249
Delcine,Twining,dtwiningcn@wired.com,Female,97.54.122.213
Emmalee,Crownshaw,ecrownshawco@discuz.net,Female,77.182.87.255
Arleta,Wattam,awattamcp@bloglovin.com,Female,236.153.242.144
Max,Lackner,mlacknercq@meetup.com,Female,22.84.69.220
Thatch,Goldthorp,tgoldthorpcr@imdb.com,Male,228.63.231.248
Darlene,Fewster,dfewstercs@uol.com.br,Female,178.7.223.63
Davine,Towriss,dtowrissct@amazon.de,Female,118.235.13.219
Libby,Tamas,ltamascu@ustream.tv,Female,247.229.229.223
Cherish,Morsley,cmorsleycv@umich.edu,Genderfluid,32.247.140.75
Erskine,Blaze,eblazecw@icio.us,Male,171.66.57.230
Yevette,Troker,ytrokercx@nifty.com,Female,53.173.159.80
Cale,Peppard,cpeppardcy@eepurl.com,Male,97.108.108.21
Aleta,Bremley,abremleycz@washingtonpost.com,Female,165.127.74.28
Bertine,Giveen,bgiveend0@mapquest.com,Female,32.166.107.151
Linette,Caccavale,lcaccavaled1@yellowbook.com,Female,37.218.8.83
Madeleine,Clute,mcluted2@i2i.jp,Female,102.85.79.84
Salvador,MacGibbon,smacgibbond3@weibo.com,Male,167.199.45.130
Jeffrey,Beaves,jbeavesd4@blinklist.com,Male,63.70.225.66
Betteann,Evason,bevasond5@jigsy.com,Polygender,115.220.11.33
Marylinda,Hanning,mhanningd6@cnbc.com,Female,251.3.29.230
Darell,Guisby,dguisbyd7@dropbox.com,Female,182.8.80.245
Benoit,Anstice,bansticed8@twitter.com,Male,17.241.131.93
Rowland,Vereker,rverekerd9@ucla.edu,Genderqueer,242.98.86.34
Durward,Lasseter,dlasseterda@xing.com,Male,235.229.122.179
Cary,McVaugh,cmcvaughdb@geocities.com,Male,163.7.208.247
Gray,Scotchforth,gscotchforthdc@zdnet.com,Female,51.204.214.176
Sandie,Duer,sduerdd@bandcamp.com,Female,18.25.182.196
Orelee,Butting,obuttingde@booking.com,Female,221.3.96.213
Alisander,Nunnery,anunnerydf@vkontakte.ru,Male,161.193.9.141
Bartholomeo,Barkaway,bbarkawaydg@cafepress.com,Male,64.96.176.248
Francklin,Skouling,fskoulingdh@over-blog.com,Male,178.116.93.134
Lora,Tissiman,ltissimandi@bigcartel.com,Female,38.102.37.75
Hasheem,Pridham,hpridhamdj@google.com.hk,Male,151.21.172.186
Sybila,Ingraham,singrahamdk@list-manage.com,Female,146.64.82.250
Luce,Roof,lroofdl@scientificamerican.com,Male,32.243.176.66
Gabriello,Accombe,gaccombedm@mayoclinic.com,Male,163.14.254.242
Friederike,Wrout,fwroutdn@live.com,Female,57.161.168.111
Garold,Prescote,gprescotedo@home.pl,Male,135.192.229.220
Julia,Winward,jwinwarddp@flickr.com,Genderfluid,246.94.17.214
Veronike,Sterre,vsterredq@reference.com,Female,158.232.182.127
Ophelia,Braune,obraunedr@theguardian.com,Female,2.132.246.144
Lucie,Savins,lsavinsds@google.fr,Female,42.109.78.102
Farand,Blowne,fblownedt@cloudflare.com,Female,178.200.223.48
Haley,Mungham,hmunghamdu@amazon.com,Male,132.105.37.184
Polly,Philipart,pphilipartdv@tuttocitta.it,Female,120.44.237.25
Neil,Hallen,nhallendw@ustream.tv,Male,16.112.109.194
Jarid,Lavell,jlavelldx@springer.com,Male,178.170.71.26
Noell,Tomkin,ntomkindy@cdc.gov,Female,49.180.47.117
Katheryn,Lapre,klapredz@reuters.com,Female,51.147.4.8
Eward,Goozee,egoozeee0@cdbaby.com,Non-binary,135.23.78.201
Aurie,Hirtz,ahirtze1@scribd.com,Female,72.237.222.72
Elfrieda,Whewill,ewhewille2@ucoz.com,Female,252.30.174.24
Stavro,Meighan,smeighane3@mtv.com,Male,23.5.29.96
Nicolai,Penhalewick,npenhalewicke4@github.com,Male,220.87.240.243
Mirabel,Renouf,mrenoufe5@disqus.com,Female,30.39.163.167
Erl,Steers,esteerse6@barnesandnoble.com,Male,56.26.46.43
Hilario,Simenel,hsimenele7@upenn.edu,Male,18.109.48.36
Nelson,Varcoe,nvarcoee8@surveymonkey.com,Male,107.30.99.59
Elinor,Bagnold,ebagnolde9@unblog.fr,Polygender,188.1.157.170
Selinda,Laughlin,slaughlinea@nationalgeographic.com,Female,128.24.204.248
Georgiana,Curme,gcurmeeb@intel.com,Female,24.247.108.170
Ellen,Paulo,epauloec@theatlantic.com,Female,126.228.169.214
Nappie,Moreside,nmoresideed@psu.edu,Male,51.10.111.95
Ernesta,Bee,ebeeee@furl.net,Female,250.119.36.41
Dannye,Lamas,dlamasef@ca.gov,Female,93.60.98.93
Gizela,O' Quirk,goquirkeg@state.gov,Female,176.73.185.236
Denise,Cremen,dcremeneh@bbb.org,Female,148.224.73.249
Benedicto,Shmyr,bshmyrei@ihg.com,Male,30.212.27.137
Alexine,Joret,ajoretej@squarespace.com,Female,250.193.123.204
Dennie,Stebbings,dstebbingsek@wordpress.org,Female,80.255.68.149
Cherie,Ganiclef,cganiclefel@quantcast.com,Female,19.48.110.235
Eldridge,Cuddon,ecuddonem@rediff.com,Male,67.99.229.28
Michele,Ide,mideen@imageshack.us,Female,41.219.31.126
Heda,Chesher,hcheshereo@ycombinator.com,Non-binary,91.3.176.93
Grace,Cregeen,gcregeenep@photobucket.com,Agender,116.77.169.127
Emelda,McGlaughn,emcglaughneq@jugem.jp,Bigender,11.60.209.143
Jess,Grasser,jgrasserer@blinklist.com,Male,56.70.21.245
Liv,Hupe,lhupees@illinois.edu,Female,4.214.101.122
Tressa,Skelton,tskeltonet@chicagotribune.com,Female,7.118.162.48
Hyacinthe,Matveichev,hmatveicheveu@cam.ac.uk,Female,244.2.245.72
Allegra,Marcussen,amarcussenev@alibaba.com,Female,149.49.127.52
May,Kluger,mklugerew@360.cn,Female,173.73.162.144
Darby,Heasly,dheaslyex@amazon.com,Female,134.77.173.70
Essie,Bellin,ebelliney@google.it,Female,233.115.168.92
Joly,Artharg,jarthargez@discuz.net,Female,201.40.104.124
Salli,De L'Isle,sdelislef0@myspace.com,Female,187.245.54.71
Ciro,Matisoff,cmatisofff1@shop-pro.jp,Genderqueer,104.147.184.175
Ruy,Karpov,rkarpovf2@sogou.com,Genderqueer,250.97.194.81
Sig,Shawcross,sshawcrossf3@craigslist.org,Male,149.31.151.218
Job,Denney,jdenneyf4@trellian.com,Bigender,21.19.19.205
Sybille,Baggelley,sbaggelleyf5@geocities.jp,Female,149.131.171.230
Freddie,Huxter,fhuxterf6@sciencedaily.com,Male,49.160.210.181
Claybourne,Gilleson,cgillesonf7@yellowpages.com,Male,98.131.177.165
Sacha,Raincin,sraincinf8@drupal.org,Female,109.38.45.174
Gabriel,Fayter,gfayterf9@nydailynews.com,Female,134.120.142.48
Aluin,Winscum,awinscumfa@china.com.cn,Polygender,45.92.61.212
Web,Alentyev,walentyevfb@hc360.com,Male,241.72.57.116
Mathilda,Widdison,mwiddisonfc@trellian.com,Female,179.92.57.72
Olenolin,Dugan,oduganfd@simplemachines.org,Male,247.179.73.204
Nikkie,O' Hern,nohernfe@nsw.gov.au,Female,29.169.40.147
Moses,O' Borne,moborneff@youtube.com,Male,144.43.9.221
Jessy,McIlmorow,jmcilmorowfg@ed.gov,Female,202.171.233.249
Amye,Titcumb,atitcumbfh@friendfeed.com,Female,96.108.233.178
Millisent,Yanov,myanovfi@simplemachines.org,Female,188.54.53.187
Austina,Wyke,awykefj@domainmarket.com,Female,237.122.191.126
Bridget,Vigors,bvigorsfk@irs.gov,Female,247.114.133.184
Elsbeth,Kirley,ekirleyfl@businessweek.com,Female,129.70.232.26
Nancee,Kumaar,nkumaarfm@xinhuanet.com,Female,231.30.6.165
Imogene,Bendelow,ibendelowfn@yahoo.co.jp,Female,108.56.141.41
Samara,Moncrieffe,smoncrieffefo@techcrunch.com,Female,145.132.203.202
Debbi,Scyone,dscyonefp@nps.gov,Agender,95.78.158.136
Fleurette,Paschke,fpaschkefq@delicious.com,Female,78.226.97.73
Ulrika,Kapelhof,ukapelhoffr@marketwatch.com,Female,174.180.176.57
Mace,Grzeskowski,mgrzeskowskifs@geocities.com,Male,238.213.210.203
Letta,Najera,lnajeraft@myspace.com,Female,85.58.38.253
Loralyn,Winny,lwinnyfu@miitbeian.gov.cn,Female,142.237.30.143
Ethan,Polet,epoletfv@discovery.com,Male,252.158.114.55
Fiann,Haslegrave,fhaslegravefw@indiegogo.com,Female,20.194.81.196
Ronnica,Bonson,rbonsonfx@tripod.com,Female,124.162.13.150
Jeremiah,Mulvaney,jmulvaneyfy@gmpg.org,Male,107.167.101.97
Koo,Vanyard,kvanyardfz@bloomberg.com,Bigender,42.228.253.169
Mathias,Askaw,maskawg0@ft.com,Male,22.27.190.36
Crosby,Snawden,csnawdeng1@springer.com,Male,97.162.33.96
Harmonie,Skelcher,hskelcherg2@simplemachines.org,Female,52.133.145.79
Carlin,Everix,ceverixg3@msn.com,Female,212.160.107.125
Shawnee,Chree,schreeg4@home.pl,Female,23.50.115.27
Rhett,Iffe,riffeg5@disqus.com,Male,41.135.103.242
Holden,Ramsier,hramsierg6@sun.com,Male,60.231.54.157
Nels,Beddo,nbeddog7@wired.com,Agender,32.16.154.146
Norah,Gosnall,ngosnallg8@theglobeandmail.com,Female,106.27.70.163
Shaine,Hadeke,shadekeg9@bigcartel.com,Male,173.20.69.167
Con,Pods,cpodsga@cafepress.com,Female,108.155.39.105
Noel,Insall,ninsallgb@desdev.cn,Male,178.219.217.4
Alick,Bailes,abailesgc@noaa.gov,Male,5.83.161.164
Johna,Cawse,jcawsegd@ucoz.com,Female,105.212.154.176
Everett,Penelli,epenellige@npr.org,Male,184.80.105.54
Jany,Tunnoch,jtunnochgf@yellowpages.com,Female,85.190.7.123
Idette,McGarry,imcgarrygg@ucoz.com,Female,143.101.132.21
Gilberte,O'Gorman,gogormangh@virginia.edu,Female,24.135.192.221
Wilden,Gounin,wgouningi@go.com,Male,26.104.210.56
Kincaid,Ropkes,kropkesgj@skyrock.com,Male,243.247.77.227
Lorne,Flicker,lflickergk@flavors.me,Agender,237.184.211.78
Gardner,Barczynski,gbarczynskigl@usgs.gov,Male,138.41.43.35
Lemmie,Sirrell,lsirrellgm@ed.gov,Male,103.171.29.42
Dorise,Rosie,drosiegn@furl.net,Female,29.166.74.92
Babette,Wallman,bwallmango@bluehost.com,Polygender,80.1.196.63
Stevena,Borkin,sborkingp@live.com,Female,88.142.90.208
Alissa,Pindell,apindellgq@google.com.au,Female,56.136.174.152
Harriott,Guillford,hguillfordgr@narod.ru,Agender,111.183.5.221
Delano,O'Nions,donionsgs@elegantthemes.com,Male,93.240.237.108
Padraic,Easterby,peasterbygt@fc2.com,Male,184.230.5.200
Marga,Ransom,mransomgu@feedburner.com,Female,138.165.21.33
Judi,Cairney,jcairneygv@uol.com.br,Female,26.34.63.3
Valry,Doyland,vdoylandgw@lycos.com,Female,249.31.85.73
Annetta,Petrolli,apetrolligx@cmu.edu,Female,175.112.224.136
Berk,Easom,beasomgy@pinterest.com,Male,143.78.170.214
Ferd,Boliver,fbolivergz@boston.com,Male,186.247.232.169
Alisha,Macer,amacerh0@yahoo.com,Female,192.182.143.62
Garry,Chevin,gchevinh1@hc360.com,Male,130.175.6.20
Tracey,Rulten,trultenh2@blogger.com,Male,173.76.89.132
Petrina,Gilhespy,pgilhespyh3@sbwire.com,Female,197.101.237.242
Jefferson,Brunotti,jbrunottih4@disqus.com,Male,211.113.96.106
Errol,Whiles,ewhilesh5@wp.com,Agender,163.225.183.49
Nina,Coots,ncootsh6@photobucket.com,Female,88.51.120.250
Sybila,Eate,seateh7@behance.net,Female,86.206.178.31
Norrie,Smalley,nsmalleyh8@tinyurl.com,Female,245.97.31.53
Errick,Jessel,ejesselh9@china.com.cn,Male,222.66.239.33
Mariele,Mateev,mmateevha@admin.ch,Female,238.48.243.202
Marybelle,Sibborn,msibbornhb@flavors.me,Female,150.205.230.42
Mikel,McDermott,mmcdermotthc@fc2.com,Male,205.59.113.163
Duke,Morrice,dmorricehd@furl.net,Genderqueer,34.255.242.155
Sapphira,Shank,sshankhe@creativecommons.org,Female,244.226.161.171
Prue,McGrorty,pmcgrortyhf@paginegialle.it,Genderfluid,229.171.148.191
Taddeo,Lempel,tlempelhg@discuz.net,Male,55.106.20.10
Wilfrid,Grimsdell,wgrimsdellhh@macromedia.com,Male,153.37.124.75
Terra,Asple,tasplehi@mysql.com,Genderqueer,159.15.196.224
Druci,Troppmann,dtroppmannhj@pagesperso-orange.fr,Female,3.97.162.190
Hilly,Proschke,hproschkehk@who.int,Male,23.231.232.173
Sawyer,Skally,sskallyhl@devhub.com,Male,184.30.210.69
Jeffy,Vaughton,jvaughtonhm@histats.com,Male,55.246.135.230
Thomasine,Yarr,tyarrhn@youku.com,Female,76.93.67.13
Evita,Eadon,eeadonho@yandex.ru,Female,123.31.54.39
Ripley,Siddell,rsiddellhp@hibu.com,Male,60.160.26.62
Laurella,Snyder,lsnyderhq@clickbank.net,Agender,25.239.252.82
Orv,Filoniere,ofilonierehr@google.co.jp,Male,197.116.137.184
Lorain,Goghin,lgoghinhs@unicef.org,Female,87.54.27.135
Tobiah,Pryor,tpryorht@weather.com,Male,169.191.18.120
Sig,De Gregario,sdegregariohu@businesswire.com,Male,101.165.220.83
Hazel,Hakey,hhakeyhv@tinyurl.com,Female,149.131.140.57
Melony,Coils,mcoilshw@ebay.com,Female,128.73.157.183
Ramonda,Laviss,rlavisshx@umich.edu,Female,193.238.67.178
Tallie,Hoodlass,thoodlasshy@cafepress.com,Male,124.145.82.123
Katine,Scally,kscallyhz@bbc.co.uk,Female,196.170.27.181
Doti,Wylam,dwylami0@360.cn,Female,108.229.41.90
Gabi,McGeaney,gmcgeaneyi1@homestead.com,Female,27.113.192.159
Pandora,Boden,pbodeni2@linkedin.com,Non-binary,169.74.116.46
Rosalinde,O'Cassidy,rocassidyi3@cargocollective.com,Female,180.113.115.241
Timmy,Bellworthy,tbellworthyi4@bizjournals.com,Female,208.3.153.128
Faydra,Egle of Germany,fegleofgermanyi5@theguardian.com,Female,250.179.81.249
Reuven,Chalcroft,rchalcrofti6@photobucket.com,Male,101.103.73.89
Fanni,Calvert,fcalverti7@quantcast.com,Female,25.164.226.143
Trixi,Treleaven,ttreleaveni8@chron.com,Female,64.54.176.120
Livvie,Wetherald,lwetheraldi9@acquirethisname.com,Female,80.187.234.229
Barr,Pakenham,bpakenhamia@symantec.com,Agender,68.74.118.93
Ozzy,Brayson,obraysonib@t-online.de,Male,17.147.8.249
Reinold,Quarles,rquarlesic@nifty.com,Male,89.49.225.219
Paddy,Notti,pnottiid@psu.edu,Male,104.212.113.139
Florella,Sizeland,fsizelandie@fc2.com,Female,127.146.194.107
Ezechiel,Kingshott,ekingshottif@cornell.edu,Male,97.228.198.180
Roderich,Rabbatts,rrabbattsig@buzzfeed.com,Male,149.246.224.110
Elianora,Sturley,esturleyih@icio.us,Female,174.60.37.246
Glori,Winterborne,gwinterborneii@foxnews.com,Female,22.179.21.137
Malia,Canceller,mcancellerij@google.com,Female,226.163.119.34
Ellwood,McCoid,emccoidik@ox.ac.uk,Male,231.148.130.209
Mortie,Airds,mairdsil@xinhuanet.com,Non-binary,79.9.255.181
Eliot,Linny,elinnyim@taobao.com,Male,61.124.34.28
Denni,Ramel,dramelin@jimdo.com,Female,169.33.247.216
Tully,Feild,tfeildio@foxnews.com,Male,180.126.58.217
Sammy,Gumley,sgumleyip@umich.edu,Male,18.116.12.30
Bart,Ducker,bduckeriq@shop-pro.jp,Male,98.52.14.113
Jacquette,Lorraway,jlorrawayir@hhs.gov,Female,210.126.107.232
Guido,Millthorpe,gmillthorpeis@engadget.com,Male,186.62.222.159
Warde,Purchon,wpurchonit@scientificamerican.com,Male,227.110.180.167
Pietrek,McAtamney,pmcatamneyiu@purevolume.com,Male,113.183.52.234
Pancho,Andover,pandoveriv@clickbank.net,Male,80.211.22.59
Pancho,Dougan,pdouganiw@sun.com,Male,161.208.106.146
Lea,Akester,lakesterix@sciencedirect.com,Female,227.122.165.247
Gary,Leborgne,gleborgneiy@ca.gov,Male,119.188.9.155
Robinet,Crosscombe,rcrosscombeiz@noaa.gov,Female,46.116.198.247
Estelle,Kirton,ekirtonj0@ftc.gov,Female,9.230.205.109
Marie,Froud,mfroudj1@edublogs.org,Female,109.122.10.15
Trey,Brecknell,tbrecknellj2@cdbaby.com,Male,196.9.183.215
Spense,Curle,scurlej3@g.co,Male,105.133.228.98
Richardo,Itzkovwitch,ritzkovwitchj4@comsenz.com,Male,240.188.236.234
Maryanna,Breinl,mbreinlj5@blinklist.com,Female,222.5.98.243
Ginny,O' Byrne,gobyrnej6@people.com.cn,Female,208.55.80.230
May,Smithe,msmithej7@pcworld.com,Female,216.221.96.178
Natalee,Girth,ngirthj8@sohu.com,Female,69.183.1.121
Melina,Bashford,mbashfordj9@acquirethisname.com,Female,185.168.252.133
Vick,Peplow,vpeplowja@dion.ne.jp,Male,10.49.13.117
Tobie,McElroy,tmcelroyjb@imdb.com,Male,71.120.166.78
Gaylor,Scrivinor,gscrivinorjc@springer.com,Male,43.211.124.175
Ramsay,Yakobowitch,ryakobowitchjd@flavors.me,Male,7.164.90.247
Richart,Gresty,rgrestyje@hexun.com,Male,191.185.33.0
Candi,Kain,ckainjf@google.ru,Female,109.158.173.181
Mitchel,Petroselli,mpetrosellijg@free.fr,Male,81.98.190.10
Lora,Vardey,lvardeyjh@ovh.net,Female,214.148.168.152
Hollis,Lapides,hlapidesji@theatlantic.com,Agender,55.146.233.157
Farah,Stronach,fstronachjj@fda.gov,Female,12.40.204.150
Brander,Kerford,bkerfordjk@1und1.de,Male,11.12.211.116
Nicol,Seldner,nseldnerjl@pcworld.com,Male,2.44.182.172
Nessy,Klain,nklainjm@baidu.com,Female,169.251.36.216
Lorant,Lemar,llemarjn@imgur.com,Male,123.48.56.196
Ralina,Deighan,rdeighanjo@hc360.com,Female,106.129.201.114
Bathsheba,Benedtti,bbenedttijp@mlb.com,Female,47.113.115.150
Marice,Penton,mpentonjq@hubpages.com,Female,247.244.100.59
Johnathon,Quinnet,jquinnetjr@springer.com,Male,2.202.216.190
Wally,Powys,wpowysjs@bbc.co.uk,Female,77.119.94.173
Burnaby,Bracken,bbrackenjt@msu.edu,Male,248.122.106.153
Hazel,Janko,hjankoju@feedburner.com,Female,136.29.65.186
Gideon,Desseine,gdesseinejv@pcworld.com,Male,64.102.83.207
Lyssa,Fairchild,lfairchildjw@phoca.cz,Female,60.70.13.184
Toinette,Bonnell,tbonnelljx@ucoz.ru,Female,47.117.221.43
Darnall,Lofty,dloftyjy@cornell.edu,Male,177.92.90.242
Bourke,Westmarland,bwestmarlandjz@squidoo.com,Male,48.141.89.116
Bibby,Yedy,byedyk0@shareasale.com,Female,97.15.253.152
Randolph,McFarlane,rmcfarlanek1@cloudflare.com,Male,183.108.14.202
Hamilton,Kerwen,hkerwenk2@washingtonpost.com,Male,23.173.248.31
Shannen,Fransewich,sfransewichk3@sogou.com,Female,223.174.195.227
Reamonn,Mara,rmarak4@techcrunch.com,Male,34.164.26.234
Christophorus,Cron,ccronk5@psu.edu,Male,39.204.139.70
Amalia,Delacroix,adelacroixk6@furl.net,Female,125.140.250.200
Lula,Goodnow,lgoodnowk7@businessinsider.com,Female,51.77.20.117
Page,Foster,pfosterk8@hud.gov,Male,237.101.8.169
Juliet,Hazelby,jhazelbyk9@plala.or.jp,Genderqueer,40.139.198.174
Abbie,Hallawell,ahallawellka@dailymotion.com,Male,211.83.193.151
Elsie,Ghilardini,eghilardinikb@altervista.org,Female,195.254.87.221
Claiborne,Mayoh,cmayohkc@freewebs.com,Polygender,233.249.216.154
Dov,Widdup,dwiddupkd@purevolume.com,Male,2.31.152.150
Orazio,Schneidau,oschneidauke@indiegogo.com,Male,177.161.124.16
Verla,Tilling,vtillingkf@pcworld.com,Female,245.63.196.82
Perice,Newburn,pnewburnkg@goo.ne.jp,Male,215.139.231.138
Timotheus,Dominighi,tdominighikh@phoca.cz,Genderfluid,55.89.218.108
Jeannette,Moyne,jmoyneki@angelfire.com,Polygender,209.58.120.186
Carree,Kilcoyne,ckilcoynekj@icq.com,Female,209.176.120.189
Jeralee,Djurkovic,jdjurkovickk@ebay.co.uk,Female,40.20.116.107
Cointon,Sawell,csawellkl@salon.com,Male,175.151.177.191
Brewer,Flecknoe,bflecknoekm@nifty.com,Male,195.124.140.131
Herve,Trood,htroodkn@google.co.jp,Male,74.211.116.75
Barbie,Chesher,bchesherko@oracle.com,Female,11.40.154.161
Danya,Suermeier,dsuermeierkp@plala.or.jp,Male,122.6.181.78
Gerty,Local,glocalkq@a8.net,Female,65.160.187.194
Jade,Cello,jcellokr@sourceforge.net,Female,21.52.99.67
Breanne,Caveney,bcaveneyks@hud.gov,Female,227.140.112.21
Hew,Cremin,hcreminkt@networksolutions.com,Male,120.45.237.207
Vachel,Poley,vpoleyku@xrea.com,Male,20.160.90.162
Gran,Langman,glangmankv@wordpress.org,Male,46.65.77.210
Lesly,Advani,ladvanikw@pcworld.com,Genderfluid,196.154.229.70
Tait,Brechin,tbrechinkx@jiathis.com,Male,142.132.133.33
Geraldine,Gwyther,ggwytherky@marriott.com,Female,94.74.138.227
Arnoldo,Pallasch,apallaschkz@gravatar.com,Male,75.100.191.32
Mendie,Stanger,mstangerl0@marriott.com,Male,218.55.184.209
Skyler,Cudmore,scudmorel1@narod.ru,Male,166.27.13.49
Alfreda,Midner,amidnerl2@last.fm,Female,55.82.142.126
Dodi,Stinchcombe,dstinchcombel3@army.mil,Female,61.208.134.244
Parnell,Dorken,pdorkenl4@netlog.com,Male,2.156.72.83
Antonin,McMullen,amcmullenl5@icq.com,Male,234.223.2.67
Torrey,Juste,tjustel6@gnu.org,Male,5.30.59.238
Tam,Shears,tshearsl7@blogger.com,Male,67.54.112.231
Garwood,Osmund,gosmundl8@sbwire.com,Male,52.186.155.135
Gabriel,Reason,greasonl9@addthis.com,Male,115.49.62.15
Loralyn,Heliet,lhelietla@wikia.com,Female,114.131.251.103
Laura,Quince,lquincelb@xinhuanet.com,Female,7.119.148.100
Sibelle,Jagiela,sjagielalc@msu.edu,Female,139.202.82.22
Willie,Marriot,wmarriotld@1688.com,Female,128.163.244.30
Wylma,Christauffour,wchristauffourle@mapquest.com,Female,143.177.56.158
Bronny,Seath,bseathlf@so-net.ne.jp,Male,208.94.238.226
Jakie,Grayley,jgrayleylg@youku.com,Polygender,62.67.180.56
Harriott,Carsey,hcarseylh@telegraph.co.uk,Female,89.169.149.150
Benedick,Redfearn,bredfearnli@umich.edu,Male,6.127.200.116
Maddalena,Henrych,mhenrychlj@webs.com,Female,252.50.142.73
Joceline,Cafferky,jcafferkylk@qq.com,Female,119.136.107.249
Armstrong,Bullard,abullardll@chron.com,Male,247.213.106.77
Walsh,Praten,wpratenlm@goo.ne.jp,Male,175.160.168.155
Ximenez,Nunn,xnunnln@yahoo.com,Male,172.77.240.146
Berrie,Lindblad,blindbladlo@hibu.com,Female,244.243.79.208
Jan,Oolahan,joolahanlp@about.com,Non-binary,69.179.30.23
Pippo,Buss,pbusslq@reuters.com,Male,76.50.242.55
Gilberto,Bollen,gbollenlr@dailymail.co.uk,Male,117.188.150.79
Chrysler,Butchart,cbutchartls@cyberchimps.com,Female,5.76.67.68
Hamish,Meneer,hmeneerlt@fema.gov,Male,130.250.176.143
Derry,Berrey,dberreylu@nature.com,Genderfluid,148.73.1.239
Davy,Ficken,dfickenlv@google.es,Male,148.14.11.144
Trip,D'Aulby,tdaulbylw@dell.com,Male,159.3.35.171
Constantin,Cahen,ccahenlx@salon.com,Male,187.141.145.242
Thatch,Brunon,tbrunonly@freewebs.com,Male,244.150.134.129
Ginger,Lazare,glazarelz@google.es,Male,215.231.125.101
Karly,Mersey,kmerseym0@ucla.edu,Female,22.121.56.95
Tabor,Stokey,tstokeym1@hostgator.com,Male,178.143.31.128
Hamish,Crocetto,hcrocettom2@reverbnation.com,Male,190.26.28.87
Celestia,Brecknock,cbrecknockm3@dropbox.com,Female,216.27.157.133
Ansel,Dagless,adaglessm4@ow.ly,Male,116.109.44.33
Fancy,Sabatier,fsabatierm5@google.co.jp,Female,116.241.52.155
Jud,Amber,jamberm6@mapquest.com,Male,116.157.14.12
Lanita,Calkin,lcalkinm7@rakuten.co.jp,Female,225.44.172.4
Vergil,Marsham,vmarshamm8@issuu.com,Male,215.4.99.173
Edwina,Ancketill,eancketillm9@lycos.com,Female,155.105.248.252
Jeniffer,Tremollet,jtremolletma@pagesperso-orange.fr,Female,230.204.10.94
Almeta,Dict,adictmb@cbc.ca,Female,60.206.140.10
Lazar,Antoniat,lantoniatmc@godaddy.com,Male,124.62.158.174
Terry,Duplan,tduplanmd@shareasale.com,Female,128.158.88.182
Allyce,Kunneke,akunnekeme@cam.ac.uk,Genderqueer,13.71.33.102
Ysabel,Iwanowicz,yiwanowiczmf@shutterfly.com,Female,255.75.95.119
Ailis,Sarl,asarlmg@businessweek.com,Female,48.0.224.118
Dallis,Akers,dakersmh@imgur.com,Male,198.121.143.209
Genni,Jorat,gjoratmi@printfriendly.com,Polygender,94.225.8.220
Alfreda,Roycraft,aroycraftmj@wordpress.org,Female,102.214.82.31
Tucky,Flips,tflipsmk@youtu.be,Male,174.144.100.62
Hersch,Conniam,hconniamml@booking.com,Male,170.94.79.186
Bond,Denholm,bdenholmmm@scientificamerican.com,Male,116.136.186.232
Danie,Tunnock,dtunnockmn@nsw.gov.au,Male,59.84.100.199
Reeva,Gauche,rgauchemo@booking.com,Female,8.44.58.192
Norry,Vellden,nvelldenmp@google.pl,Non-binary,127.81.26.221
Craggie,Gaul,cgaulmq@youtu.be,Male,194.2.111.232
Giff,Belfitt,gbelfittmr@uiuc.edu,Male,198.30.161.119
Felipe,Gon,fgonms@gravatar.com,Male,168.217.40.112
Dania,McGlaud,dmcglaudmt@is.gd,Female,112.243.212.100
Patty,Grzes,pgrzesmu@sciencedaily.com,Male,248.109.206.123
Jonathan,Leal,jlealmv@shop-pro.jp,Male,87.147.51.245
Phyllis,Paish,ppaishmw@hibu.com,Female,184.103.119.249
Rees,Goshawk,rgoshawkmx@disqus.com,Male,247.20.109.1
Alden,Domegan,adomeganmy@cocolog-nifty.com,Bigender,42.138.234.15
Kris,Athersmith,kathersmithmz@ezinearticles.com,Female,255.200.117.86
Enrika,Holtham,eholthamn0@mac.com,Female,137.74.154.253
Baudoin,Nellen,bnellenn1@blog.com,Male,137.123.20.49
Mabel,Saunders,msaundersn2@reuters.com,Female,46.21.5.11
Rustie,Mauger,rmaugern3@businesswire.com,Male,216.225.118.158
Schuyler,Cardo,scardon4@nba.com,Polygender,131.253.11.10
Selia,Lerohan,slerohann5@trellian.com,Female,157.41.194.155
Cathee,Leetham,cleethamn6@buzzfeed.com,Female,82.134.0.92
Bayard,Dahlborg,bdahlborgn7@tuttocitta.it,Male,119.36.180.6
Lacee,Choules,lchoulesn8@themeforest.net,Female,200.24.41.18
Ferd,Death,fdeathn9@mail.ru,Male,144.97.251.175
Modestia,Pendre,mpendrena@springer.com,Female,29.192.177.158
Vasilis,Benko,vbenkonb@aboutads.info,Male,56.25.96.204
Lizabeth,Langford,llangfordnc@biblegateway.com,Female,47.105.238.119
Fair,Sturge,fsturgend@github.com,Bigender,163.117.160.228
Emelen,Meighan,emeighanne@ehow.com,Non-binary,210.143.203.109
Lynea,Ferrarello,lferrarellonf@de.vu,Female,166.101.30.25
Ailis,Liffe,aliffeng@techcrunch.com,Female,79.249.245.227
Alfy,Hardson,ahardsonnh@amazon.com,Female,150.52.11.221
Hedy,Ashbolt,hashboltni@pcworld.com,Female,130.28.210.168
Edward,Hargerie,ehargerienj@fotki.com,Male,143.142.130.135
Aridatha,Moubray,amoubraynk@devhub.com,Female,19.35.192.195
Kristien,Ventom,kventomnl@godaddy.com,Female,6.99.72.198
Clerissa,Bradburne,cbradburnenm@google.ca,Female,249.106.249.104
Gretal,Bertot,gbertotnn@comsenz.com,Female,208.174.16.173
Rayner,Quemby,rquembyno@dell.com,Male,170.97.109.240
Phylis,Burkwood,pburkwoodnp@usatoday.com,Female,114.177.169.251
Skippie,Curnick,scurnicknq@wisc.edu,Male,114.93.170.31
Darlleen,Plaxton,dplaxtonnr@earthlink.net,Female,42.12.215.213
Bernhard,Minico,bminicons@dion.ne.jp,Genderqueer,171.146.247.106
Titos,Fonzo,tfonzont@cocolog-nifty.com,Agender,163.204.90.49
Essa,Greenshields,egreenshieldsnu@sciencedaily.com,Female,61.136.207.162
Morton,Cropton,mcroptonnv@elegantthemes.com,Bigender,82.39.126.92
Thorsten,Greeve,tgreevenw@usatoday.com,Male,218.188.79.16
Rebeca,Tummond,rtummondnx@ning.com,Female,172.153.27.244
Janaye,Frizell,jfrizellny@theguardian.com,Female,223.61.220.14
Mignon,Panton,mpantonnz@guardian.co.uk,Female,38.171.196.225
Corby,Novacek,cnovaceko0@unc.edu,Male,16.14.35.50
Toby,Sign,tsigno1@cloudflare.com,Genderfluid,22.78.101.72
Lonna,Airton,lairtono2@histats.com,Female,162.98.241.100
Neely,Quickenden,nquickendeno3@nature.com,Female,25.16.117.14
Hillie,Dunbabin,hdunbabino4@ycombinator.com,Male,147.130.249.98
Andrea,Klaaassen,aklaaasseno5@latimes.com,Genderfluid,150.56.184.87
Nickolas,Seage,nseageo6@tamu.edu,Male,93.100.121.248
Curcio,Bunford,cbunfordo7@nature.com,Male,214.219.98.165
Ramsay,Flacknoe,rflacknoeo8@statcounter.com,Male,186.40.221.177
Albertina,Bethell,abethello9@engadget.com,Female,59.224.238.181
Kissie,Chasmar,kchasmaroa@about.me,Female,178.117.153.107
Rogerio,Robottom,rrobottomob@sohu.com,Male,51.28.210.160
Mauricio,Gossop,mgossopoc@admin.ch,Male,172.246.72.160
Gwynne,Beneze,gbenezeod@upenn.edu,Female,158.107.81.245
Read,Haddeston,rhaddestonoe@senate.gov,Male,197.181.191.16
Benyamin,Mendel,bmendelof@amazonaws.com,Male,192.253.180.1
Margeaux,Ciobotaro,mciobotaroog@businesswire.com,Bigender,62.174.135.75
Sallie,Pybus,spybusoh@friendfeed.com,Female,178.11.223.160
Kalvin,Boorer,kbooreroi@friendfeed.com,Male,208.159.224.207
Fransisco,Roffey,froffeyoj@mac.com,Male,27.227.102.1
Carlyle,Seawright,cseawrightok@google.com.au,Male,247.248.153.143
Helenelizabeth,Capehorn,hcapehornol@who.int,Female,69.15.170.237
Bibby,Antley,bantleyom@pen.io,Female,170.52.143.168
Lucas,Benettelli,lbenettellion@mozilla.org,Male,251.132.49.52
Clarinda,Reuss,creussoo@cyberchimps.com,Female,70.147.10.86
Zaccaria,Desporte,zdesporteop@ox.ac.uk,Male,188.86.133.162
Hendrika,Fyall,hfyalloq@tiny.cc,Female,232.212.241.137
Tish,Loomis,tloomisor@un.org,Female,199.105.39.88
Corabelle,Soper,csoperos@lulu.com,Female,228.206.237.117
Bee,Tevlin,btevlinot@baidu.com,Female,56.154.197.224
Camel,Hallward,challwardou@cafepress.com,Female,49.44.116.99
Perrine,Batchelar,pbatchelarov@surveymonkey.com,Female,234.149.233.149
Howey,Handsheart,hhandsheartow@phoca.cz,Male,19.123.112.46
Baillie,Zoellner,bzoellnerox@webs.com,Male,218.94.23.12
Pearle,Bayman,pbaymanoy@businesswire.com,Female,86.254.211.158
Oliy,Gotch,ogotchoz@google.fr,Female,182.203.21.167
Martyn,Bloxland,mbloxlandp0@freewebs.com,Male,226.34.142.90
Tessie,Matthaus,tmatthausp1@bravesites.com,Female,214.233.218.116
Beau,Hazeley,bhazeleyp2@printfriendly.com,Male,22.215.243.151
Temple,Edmonston,tedmonstonp3@eepurl.com,Non-binary,58.105.171.219
Sam,Easby,seasbyp4@hugedomains.com,Male,36.65.108.218
Collette,Hinsche,chinschep5@patch.com,Female,193.198.100.64
Ana,Leirmonth,aleirmonthp6@xinhuanet.com,Female,154.173.246.63
Cobby,Addis,caddisp7@dmoz.org,Male,20.44.116.198
Dalston,Wigley,dwigleyp8@goo.gl,Male,131.152.180.142
Teddy,Willmont,twillmontp9@buzzfeed.com,Male,201.17.228.47
Emelina,Chamberlayne,echamberlaynepa@qq.com,Bigender,4.172.60.246
Laurie,Graal,lgraalpb@ifeng.com,Bigender,232.104.23.83
Hale,Buckston,hbuckstonpc@icq.com,Male,72.6.6.94
Barnard,Fines,bfinespd@devhub.com,Male,4.27.206.68
Valenka,Doige,vdoigepe@xinhuanet.com,Female,195.155.223.26
Jenni,Bettinson,jbettinsonpf@cyberchimps.com,Female,151.195.218.144
Vassily,MacCart,vmaccartpg@myspace.com,Agender,73.164.72.253
Wheeler,Childerley,wchilderleyph@studiopress.com,Male,158.151.196.145
Seana,Bonallack,sbonallackpi@reverbnation.com,Female,24.154.28.53
Hymie,Boomes,hboomespj@mozilla.com,Male,247.240.240.127
Doralin,Beckingham,dbeckinghampk@sun.com,Female,255.2.195.51
Lurleen,Darte,ldartepl@ucoz.com,Female,41.221.91.150
Mill,Battrum,mbattrumpm@gizmodo.com,Male,129.218.125.226
Karly,Assel,kasselpn@webeden.co.uk,Female,98.125.192.44
Kahlil,Marciek,kmarciekpo@ed.gov,Male,112.143.118.171
Dianemarie,Feirn,dfeirnpp@seesaa.net,Female,197.150.52.237
Grantham,Baake,gbaakepq@hostgator.com,Male,145.208.124.19
Linzy,Hillburn,lhillburnpr@artisteer.com,Female,150.49.87.125
Bar,Cammoile,bcammoileps@usa.gov,Male,155.66.132.20
Saw,Kloster,sklosterpt@github.io,Polygender,144.246.177.60
Xenos,Matous,xmatouspu@dot.gov,Male,218.140.191.255
Melly,Zold,mzoldpv@intel.com,Female,253.26.235.42
Lishe,Botha,lbothapw@homestead.com,Female,99.209.130.46
Bibbye,Boliver,bboliverpx@ft.com,Female,202.194.171.81
Cayla,Gumme,cgummepy@businesswire.com,Female,195.123.84.107
Diego,Habbershon,dhabbershonpz@360.cn,Bigender,122.12.48.87
Lucien,Ravilus,lravilusq0@craigslist.org,Male,70.140.55.250
Tedman,Risely,triselyq1@hhs.gov,Male,51.47.252.249
Elyn,Woolfenden,ewoolfendenq2@blinklist.com,Female,74.88.88.60
Alexei,Mallender,amallenderq3@mit.edu,Male,84.227.247.227
Felice,Heighton,fheightonq4@over-blog.com,Male,51.61.156.57
Lyndy,Ibbeson,libbesonq5@nydailynews.com,Female,236.239.85.208
Lilllie,Southby,lsouthbyq6@domainmarket.com,Female,151.76.186.146
Haley,Clausner,hclausnerq7@histats.com,Male,122.237.146.101
Calvin,Korn,ckornq8@gmpg.org,Male,239.76.53.252
Hakeem,Petroulis,hpetroulisq9@slideshare.net,Male,108.101.67.255
Vera,Friett,vfriettqa@skyrock.com,Female,139.64.22.253
Anitra,Dory,adoryqb@youtu.be,Female,191.189.13.75
Freddie,Rohan,frohanqc@paypal.com,Male,107.123.76.94
Pasquale,Foakes,pfoakesqd@wired.com,Male,147.95.30.155
Pietrek,Geroldini,pgeroldiniqe@microsoft.com,Polygender,15.67.71.96
Maxie,Gedge,mgedgeqf@uol.com.br,Female,172.205.62.185
Wayne,Beaby,wbeabyqg@friendfeed.com,Male,2.175.187.112
Karia,Giorgietto,kgiorgiettoqh@upenn.edu,Agender,40.50.13.104
Julina,Bea,jbeaqi@businesswire.com,Female,156.234.186.52
Elli,Goundrill,egoundrillqj@youtu.be,Female,126.239.26.4
Hewet,Mews,hmewsqk@slate.com,Male,91.255.124.121
Melesa,Halladey,mhalladeyql@miitbeian.gov.cn,Female,6.123.11.30
Cort,Chrisp,cchrispqm@smugmug.com,Male,80.178.250.114
Vilhelmina,Craddock,vcraddockqn@unblog.fr,Female,183.183.170.197
Maryjane,Fidler,mfidlerqo@bandcamp.com,Female,67.119.118.72
Meier,Fairfoul,mfairfoulqp@hubpages.com,Male,51.96.49.154
Erik,Volonte,evolonteqq@guardian.co.uk,Male,91.5.153.12
Alejoa,Feeley,afeeleyqr@google.ru,Male,239.104.93.127
Catlee,Applin,capplinqs@fda.gov,Polygender,103.71.131.235
Rosana,Voules,rvoulesqt@icio.us,Female,103.42.76.91
Mara,Allingham,mallinghamqu@sfgate.com,Female,153.218.147.160
Isador,Keeble,ikeebleqv@amazon.de,Male,252.68.120.67
Joelle,Harniman,jharnimanqw@ucoz.ru,Female,181.176.187.48
Gerald,Ritchley,gritchleyqx@fema.gov,Male,48.87.162.157
Korrie,Grangier,kgrangierqy@ucoz.ru,Female,97.174.158.120
Norina,Bridgewood,nbridgewoodqz@vk.com,Female,100.164.45.214
Antonin,Trevain,atrevainr0@goodreads.com,Male,31.116.240.108
Blane,Benditt,bbendittr1@shutterfly.com,Male,38.94.152.145
Othello,Roddy,oroddyr2@slashdot.org,Male,117.144.156.92
Clevie,Overil,coverilr3@weather.com,Male,222.6.173.135
Felice,Attoc,fattocr4@tripod.com,Male,85.90.65.144
Pincus,Acedo,pacedor5@surveymonkey.com,Male,68.138.228.80
Bianca,Cureton,bcuretonr6@tinypic.com,Female,234.19.143.109
Jeni,Tripet,jtripetr7@hao123.com,Female,92.177.171.204
Alanna,Work,aworkr8@sakura.ne.jp,Female,146.99.120.14
Barbabas,Bartali,bbartalir9@npr.org,Male,113.0.138.210
Camila,Kamiyama,ckamiyamara@npr.org,Female,25.3.242.150
Rosabelle,Boag,rboagrb@sogou.com,Female,78.255.95.155
Jamaal,Kitman,jkitmanrc@friendfeed.com,Male,246.17.173.166
Annelise,Semiraz,asemirazrd@jugem.jp,Female,121.209.31.117
Zak,Mutlow,zmutlowre@com.com,Male,7.249.38.165
Gaspard,Coales,gcoalesrf@bluehost.com,Male,161.116.184.244
Mendy,Halworth,mhalworthrg@devhub.com,Male,74.130.147.200
Cindee,Abelevitz,cabelevitzrh@yahoo.co.jp,Female,97.175.200.99
Annmarie,Lamping,alampingri@goo.ne.jp,Female,215.101.8.245
Jenn,Myatt,jmyattrj@prlog.org,Genderfluid,211.182.145.4
Sileas,Livingstone,slivingstonerk@paypal.com,Female,88.142.14.252
Curry,Scothorn,cscothornrl@noaa.gov,Male,108.164.230.215
Amalita,MacCarrick,amaccarrickrm@noaa.gov,Female,168.222.216.247
Annabell,Linay,alinayrn@linkedin.com,Female,75.130.134.40
Torrin,Lepere,tleperero@intel.com,Male,131.81.40.124
Dennie,Sloat,dsloatrp@time.com,Male,232.122.248.251
Reba,Grubey,rgrubeyrq@de.vu,Female,97.229.190.88
Jazmin,Heminsley,jheminsleyrr@baidu.com,Female,179.66.83.125
